-- MyJantes Database Export
-- Generated: 2026-01-13T18:51:16.515Z
-- Run this script on your production database

BEGIN;

-- Table: application_settings (1 rows)
DELETE FROM "application_settings";
INSERT INTO "application_settings" ("id", "default_wheel_count", "default_diameter", "default_tax_rate", "wheel_count_options", "diameter_options", "company_name", "company_address", "company_phone", "company_email", "company_siret", "company_tva_number", "created_at", "updated_at", "company_tagline", "company_city", "company_website", "company_iban", "company_swift", "company_logo") VALUES ('542cfeaf-5dc3-4140-aa10-229630226454', 4, '17', '20.00', '1,2,3,4', '14,15,16,17,18,19,20,21,22', 'MyJantes', NULL, NULL, NULL, NULL, NULL, '2026-01-09T14:52:24.523Z', '2026-01-09T14:52:24.523Z', NULL, NULL, NULL, NULL, NULL, NULL);

-- Table: invoice_counters (2 rows)
DELETE FROM "invoice_counters";
INSERT INTO "invoice_counters" ("id", "payment_type", "current_number", "updated_at") VALUES ('8cad8ab0-f12d-4259-a099-c8dbabe84345', 'card', 6, '2026-01-13T16:02:13.661Z');
INSERT INTO "invoice_counters" ("id", "payment_type", "current_number", "updated_at") VALUES ('53a661e6-ceb0-4b48-aeb3-ccce80fe62b7', 'wire_transfer', 12, '2026-01-13T16:10:45.032Z');

-- Table: users (31 rows)
DELETE FROM "users";
INSERT INTO "users" ("id", "email", "password", "first_name", "last_name", "phone", "address", "postal_code", "city", "profile_image_url", "role", "company_name", "siret", "tva_number", "company_address", "created_at", "updated_at") VALUES ('7a05001e-9618-4062-8565-f07afcab193e', 'admin@myjantes.fr', '$2b$10$UiDEbh2ZyZlnN5us6gQZJutLs/w0xA94cRRsiKxWkGWgpLzFvJQdC', 'Admin', 'MyJantes', NULL, NULL, NULL, NULL, NULL, 'admin', NULL, NULL, NULL, NULL, '2026-01-02T11:48:40.805Z', '2026-01-02T11:49:53.311Z');
INSERT INTO "users" ("id", "email", "password", "first_name", "last_name", "phone", "address", "postal_code", "city", "profile_image_url", "role", "company_name", "siret", "tva_number", "company_address", "created_at", "updated_at") VALUES ('4cf06b14-1dcf-4670-9387-cf6365138738', 'test@example.com', '$2b$10$EcBzZ49j2/w7QrjUOpH.V.xSnD67bjNn8jGpZGTh6RnzwhDJtdFJG', 'Test', 'User', NULL, NULL, NULL, NULL, NULL, 'client', NULL, NULL, NULL, NULL, '2026-01-02T11:52:06.755Z', '2026-01-02T11:52:06.755Z');
INSERT INTO "users" ("id", "email", "password", "first_name", "last_name", "phone", "address", "postal_code", "city", "profile_image_url", "role", "company_name", "siret", "tva_number", "company_address", "created_at", "updated_at") VALUES ('5871e454-6a69-44d1-93d3-1f904ee041c9', 'rbelmahi90@gmail.com', '$2b$10$gjqWh8FT45NWNucKJ.bB4Oop1LYsgpCchj2Jz7WiNjftWyJSEwegW', 'Riad', 'Belmahi', NULL, NULL, NULL, NULL, NULL, 'client', NULL, NULL, NULL, NULL, '2026-01-04T16:07:19.763Z', '2026-01-04T16:07:36.467Z');
INSERT INTO "users" ("id", "email", "password", "first_name", "last_name", "phone", "address", "postal_code", "city", "profile_image_url", "role", "company_name", "siret", "tva_number", "company_address", "created_at", "updated_at") VALUES ('6849a19d-77e6-483b-8e56-86a5eba1df53', 'michael.dollet59@gmail.com', NULL, 'MICHAEL', 'DOLLET', '0787901317', NULL, NULL, NULL, NULL, 'client', NULL, NULL, NULL, NULL, '2026-01-12T14:21:57.932Z', '2026-01-12T15:02:27.111Z');
INSERT INTO "users" ("id", "email", "password", "first_name", "last_name", "phone", "address", "postal_code", "city", "profile_image_url", "role", "company_name", "siret", "tva_number", "company_address", "created_at", "updated_at") VALUES ('9b5096d9-b2c7-49af-9326-4d9789a7ae52', 'chatem.sofiane@gmail.com', NULL, 'Chatem ', 'Sofiane', NULL, NULL, NULL, NULL, NULL, 'client', NULL, NULL, NULL, NULL, '2026-01-12T18:02:25.585Z', '2026-01-12T18:02:25.585Z');
INSERT INTO "users" ("id", "email", "password", "first_name", "last_name", "phone", "address", "postal_code", "city", "profile_image_url", "role", "company_name", "siret", "tva_number", "company_address", "created_at", "updated_at") VALUES ('9a3e9275-70ed-4619-9c99-64655db56db4', 'CLIENT@EXEMPLE.COM', '$2b$10$uRWTdVOfYoLsdpLbZK9LvOF46tH5u.TV8LIivhbWszhasw.HScUB.', 'MICKAEL', 'KASPROWICZ', NULL, NULL, NULL, NULL, NULL, 'client', NULL, NULL, NULL, NULL, '2026-01-05T16:10:01.560Z', '2026-01-05T16:10:01.560Z');
INSERT INTO "users" ("id", "email", "password", "first_name", "last_name", "phone", "address", "postal_code", "city", "profile_image_url", "role", "company_name", "siret", "tva_number", "company_address", "created_at", "updated_at") VALUES ('1a28d8f6-18d8-42bd-aef9-fc609d89ffa8', 'KASPROWICZ@GMAIL.COM', '$2b$10$1K5.COEeQP6OUJyxN/tuc./wfDOAUyHw..vwB4jaA/ORu8X1wDvce', 'MICKAEL', 'KASPROWICZ', NULL, NULL, NULL, NULL, NULL, 'client', NULL, NULL, NULL, NULL, '2026-01-05T16:12:17.790Z', '2026-01-05T16:12:17.790Z');
INSERT INTO "users" ("id", "email", "password", "first_name", "last_name", "phone", "address", "postal_code", "city", "profile_image_url", "role", "company_name", "siret", "tva_number", "company_address", "created_at", "updated_at") VALUES ('412cd2fa-d52b-477a-85df-966744fecad4', 'FLANTJULIEN@YAHOO.FR', '$2b$10$ukJuLycKq76lKhwjk9Fs0.eZJAYA9xSvjSfDMUB3nZX9EgQE1PAGa', 'JULIEN', 'FLANT', NULL, NULL, NULL, NULL, NULL, 'client', NULL, NULL, NULL, NULL, '2026-01-05T16:48:56.407Z', '2026-01-05T16:48:56.407Z');
INSERT INTO "users" ("id", "email", "password", "first_name", "last_name", "phone", "address", "postal_code", "city", "profile_image_url", "role", "company_name", "siret", "tva_number", "company_address", "created_at", "updated_at") VALUES ('bd1db00a-bb60-4818-8479-7f65853b8bdf', 'frederic.bogaert@live.fr', '$2b$10$AfATx3qieVOi5GwUzvgzl.iSeSV3wScgNNLxAwp0A/Tj4NND3QmPi', 'Frederic', 'Bogaert', NULL, NULL, NULL, NULL, NULL, 'client', NULL, NULL, NULL, NULL, '2026-01-07T14:13:05.946Z', '2026-01-07T14:13:05.946Z');
INSERT INTO "users" ("id", "email", "password", "first_name", "last_name", "phone", "address", "postal_code", "city", "profile_image_url", "role", "company_name", "siret", "tva_number", "company_address", "created_at", "updated_at") VALUES ('9b3a366c-50d1-47df-bd23-912addea26c4', 'r.belmahi@gmail.com', NULL, 'Riad', 'Belmahi', NULL, NULL, NULL, NULL, NULL, 'client', NULL, NULL, NULL, NULL, '2026-01-08T07:48:06.813Z', '2026-01-08T07:48:06.813Z');
INSERT INTO "users" ("id", "email", "password", "first_name", "last_name", "phone", "address", "postal_code", "city", "profile_image_url", "role", "company_name", "siret", "tva_number", "company_address", "created_at", "updated_at") VALUES ('f7c6e3e6-3bb6-4b46-8f78-9d06cede5982', 'addala.salim25@gmail.com', NULL, 'Addala', 'Salim', NULL, NULL, NULL, NULL, NULL, 'client', NULL, NULL, NULL, NULL, '2026-01-13T05:58:35.368Z', '2026-01-13T05:58:35.368Z');
INSERT INTO "users" ("id", "email", "password", "first_name", "last_name", "phone", "address", "postal_code", "city", "profile_image_url", "role", "company_name", "siret", "tva_number", "company_address", "created_at", "updated_at") VALUES ('311990cb-9c44-4631-a4b2-a2c6377a7861', 'g.varlet@myjantes.com', '$2b$10$vRsMtxLhcc8GL3DgsQPV/uNpox6/VS5U57E5d0A.sU.hXbwsfF1rW', 'G', 'Varlet ', NULL, NULL, NULL, NULL, NULL, 'admin', NULL, NULL, NULL, NULL, '2026-01-08T15:05:30.527Z', '2026-01-08T15:13:44.578Z');
INSERT INTO "users" ("id", "email", "password", "first_name", "last_name", "phone", "address", "postal_code", "city", "profile_image_url", "role", "company_name", "siret", "tva_number", "company_address", "created_at", "updated_at") VALUES ('7958b339-5899-4bc6-aa93-5398e20644cc', 'GVARLET20@gmail.com', NULL, 'geoffrey', 'varlet', NULL, NULL, NULL, NULL, NULL, 'client', NULL, NULL, NULL, NULL, '2026-01-08T15:15:31.987Z', '2026-01-08T15:15:31.987Z');
INSERT INTO "users" ("id", "email", "password", "first_name", "last_name", "phone", "address", "postal_code", "city", "profile_image_url", "role", "company_name", "siret", "tva_number", "company_address", "created_at", "updated_at") VALUES ('c8dab40b-f42d-4acf-a22d-b42f038c2e4f', 'myjantespwa@gmail.com', NULL, 'MyJantes', 'Pwa', NULL, NULL, NULL, NULL, NULL, 'client_professionnel', NULL, NULL, NULL, NULL, '2026-01-09T01:18:58.500Z', '2026-01-09T01:18:58.500Z');
INSERT INTO "users" ("id", "email", "password", "first_name", "last_name", "phone", "address", "postal_code", "city", "profile_image_url", "role", "company_name", "siret", "tva_number", "company_address", "created_at", "updated_at") VALUES ('69c31f37-e706-4562-923b-ba58ada566f7', 'MIKE_PSG62@HOTMAIL.COM', NULL, 'SABRINA', 'BARBIER', '0641031655', NULL, NULL, NULL, NULL, 'client', NULL, NULL, NULL, NULL, '2026-01-09T12:34:14.069Z', '2026-01-09T13:56:03.085Z');
INSERT INTO "users" ("id", "email", "password", "first_name", "last_name", "phone", "address", "postal_code", "city", "profile_image_url", "role", "company_name", "siret", "tva_number", "company_address", "created_at", "updated_at") VALUES ('328fec05-2afe-41dc-a101-71bbb4c96560', 'anismlkj@gmail.com', NULL, 'MT', '-07', NULL, NULL, NULL, NULL, NULL, 'client', NULL, NULL, NULL, NULL, '2026-01-09T14:23:04.282Z', '2026-01-09T14:23:04.282Z');
INSERT INTO "users" ("id", "email", "password", "first_name", "last_name", "phone", "address", "postal_code", "city", "profile_image_url", "role", "company_name", "siret", "tva_number", "company_address", "created_at", "updated_at") VALUES ('12d1d38a-a874-4143-b913-ff9b67d47771', 'contact@myjantes.com', '$2b$10$9jfgW3vot6.9QsUmObgaYOATQfpTksDxlkiuDNSNWK/WQbVVADRUm', 'Iliass', 'Megaiz', NULL, NULL, NULL, NULL, NULL, 'admin', NULL, NULL, NULL, NULL, '2026-01-09T14:27:16.700Z', '2026-01-09T14:53:00.546Z');
INSERT INTO "users" ("id", "email", "password", "first_name", "last_name", "phone", "address", "postal_code", "city", "profile_image_url", "role", "company_name", "siret", "tva_number", "company_address", "created_at", "updated_at") VALUES ('c06aee3e-0770-445f-ab09-10b6f14e5a2d', 'MANUELMERLEN62@GMAIL.COM', NULL, 'MANUEL', 'MERLEN', '0621411004', NULL, NULL, NULL, NULL, 'client', NULL, NULL, NULL, NULL, '2026-01-09T08:25:50.500Z', '2026-01-09T15:01:04.132Z');
INSERT INTO "users" ("id", "email", "password", "first_name", "last_name", "phone", "address", "postal_code", "city", "profile_image_url", "role", "company_name", "siret", "tva_number", "company_address", "created_at", "updated_at") VALUES ('6ede2a08-1878-4793-b034-f0ee6185db7d', 'coralie.mery@yahoo.fr', NULL, 'Coralie', 'M', NULL, NULL, NULL, NULL, NULL, 'client', NULL, NULL, NULL, NULL, '2026-01-11T17:54:40.272Z', '2026-01-11T17:54:40.272Z');
INSERT INTO "users" ("id", "email", "password", "first_name", "last_name", "phone", "address", "postal_code", "city", "profile_image_url", "role", "company_name", "siret", "tva_number", "company_address", "created_at", "updated_at") VALUES ('57d0f2b0-eb52-4959-867f-815570b1a598', 'FABETPHIL@CEGETEL.NET', NULL, 'PHILIPPE', 'KISS', '0680070221', NULL, NULL, NULL, NULL, 'client', NULL, NULL, NULL, NULL, '2026-01-13T09:42:51.666Z', '2026-01-13T09:48:47.172Z');
INSERT INTO "users" ("id", "email", "password", "first_name", "last_name", "phone", "address", "postal_code", "city", "profile_image_url", "role", "company_name", "siret", "tva_number", "company_address", "created_at", "updated_at") VALUES ('08905b9b-fe4c-4ccc-9dfc-85d28010b729', 'OLIVIER.DURIEZ@HOTMAIL.FR', NULL, 'OLIVIER', 'DURIEZ', '0619562167', NULL, NULL, NULL, NULL, 'client', NULL, NULL, NULL, NULL, '2026-01-12T09:44:02.090Z', '2026-01-12T09:48:56.925Z');
INSERT INTO "users" ("id", "email", "password", "first_name", "last_name", "phone", "address", "postal_code", "city", "profile_image_url", "role", "company_name", "siret", "tva_number", "company_address", "created_at", "updated_at") VALUES ('ef6c1d4c-dec5-4906-a869-3c68dc712d05', 'arkana@gmail.com', NULL, 'Arkana', 'Renault', NULL, NULL, NULL, NULL, NULL, 'client', NULL, NULL, NULL, NULL, '2026-01-12T12:04:33.880Z', '2026-01-12T12:04:33.880Z');
INSERT INTO "users" ("id", "email", "password", "first_name", "last_name", "phone", "address", "postal_code", "city", "profile_image_url", "role", "company_name", "siret", "tva_number", "company_address", "created_at", "updated_at") VALUES ('fc40075c-255b-4dd4-b4ca-0f79ef889203', 'luisarriaran@orange.fr', NULL, 'Luis', 'ARRIARAN', NULL, NULL, NULL, NULL, NULL, 'client', NULL, NULL, NULL, NULL, '2026-01-12T13:45:53.221Z', '2026-01-12T13:45:53.221Z');
INSERT INTO "users" ("id", "email", "password", "first_name", "last_name", "phone", "address", "postal_code", "city", "profile_image_url", "role", "company_name", "siret", "tva_number", "company_address", "created_at", "updated_at") VALUES ('84b3b97b-5fd9-4f5b-838c-f810f3f2e5d1', 'JULIEN.VILLERS@LAPOSTE.NET', NULL, 'JULIEN', 'VILLERS', NULL, NULL, NULL, NULL, NULL, 'client', NULL, NULL, NULL, NULL, '2026-01-12T13:46:40.224Z', '2026-01-12T13:46:40.224Z');
INSERT INTO "users" ("id", "email", "password", "first_name", "last_name", "phone", "address", "postal_code", "city", "profile_image_url", "role", "company_name", "siret", "tva_number", "company_address", "created_at", "updated_at") VALUES ('1148d52d-2e0c-463d-ae28-bbc9ec5c7383', 'cipriornella@hotmail.fr', NULL, 'Ornella', 'Cipriano', NULL, NULL, NULL, NULL, NULL, 'client', NULL, NULL, NULL, NULL, '2026-01-12T14:36:23.614Z', '2026-01-12T14:36:23.614Z');
INSERT INTO "users" ("id", "email", "password", "first_name", "last_name", "phone", "address", "postal_code", "city", "profile_image_url", "role", "company_name", "siret", "tva_number", "company_address", "created_at", "updated_at") VALUES ('a12b4868-d06f-40b7-8aa6-2deff0716508', 'David.duhamel62800@gmail.com', NULL, 'David', 'Duhamel', '0658472044', NULL, NULL, NULL, NULL, 'client', NULL, NULL, NULL, NULL, '2026-01-12T14:53:33.708Z', '2026-01-12T14:57:27.590Z');
INSERT INTO "users" ("id", "email", "password", "first_name", "last_name", "phone", "address", "postal_code", "city", "profile_image_url", "role", "company_name", "siret", "tva_number", "company_address", "created_at", "updated_at") VALUES ('809eb2aa-355b-477c-ad4f-6acdc3fec736', 'verschelde.alecia3@gmail.com', NULL, 'Alecia', 'VERSCHELDE', '0781273686', NULL, NULL, NULL, NULL, 'client', NULL, NULL, NULL, NULL, '2026-01-13T09:12:44.057Z', '2026-01-13T09:50:04.341Z');
INSERT INTO "users" ("id", "email", "password", "first_name", "last_name", "phone", "address", "postal_code", "city", "profile_image_url", "role", "company_name", "siret", "tva_number", "company_address", "created_at", "updated_at") VALUES ('325ad964-d436-42b4-9db6-dc6de6f6435e', 'fab.cotza@hotmail.com', NULL, 'Fab', 'Cotza', NULL, NULL, NULL, NULL, NULL, 'client', NULL, NULL, NULL, NULL, '2026-01-13T12:00:44.627Z', '2026-01-13T12:00:44.627Z');
INSERT INTO "users" ("id", "email", "password", "first_name", "last_name", "phone", "address", "postal_code", "city", "profile_image_url", "role", "company_name", "siret", "tva_number", "company_address", "created_at", "updated_at") VALUES ('7a7e3a20-dcba-4fcb-9f8d-64dfa13dc0b2', 'REDMAN62800@LIVE.FR', NULL, 'VINCENT', 'CARRON', '0770472361', NULL, NULL, NULL, NULL, 'client', NULL, NULL, NULL, NULL, '2026-01-13T12:45:56.795Z', '2026-01-13T12:47:56.655Z');
INSERT INTO "users" ("id", "email", "password", "first_name", "last_name", "phone", "address", "postal_code", "city", "profile_image_url", "role", "company_name", "siret", "tva_number", "company_address", "created_at", "updated_at") VALUES ('5f463e61-082f-4612-9d1d-9928496e8abf', 'SENECHAL.MAG@LIVE.FR', NULL, 'MARGUERITE', 'SENECHAL', '0661063793', NULL, NULL, NULL, NULL, 'client', NULL, NULL, NULL, NULL, '2026-01-13T13:48:58.472Z', '2026-01-13T13:51:58.141Z');
INSERT INTO "users" ("id", "email", "password", "first_name", "last_name", "phone", "address", "postal_code", "city", "profile_image_url", "role", "company_name", "siret", "tva_number", "company_address", "created_at", "updated_at") VALUES ('b5453d69-9459-4edf-b3c1-e93291ec6271', 'carrosserie-lensoise@wanadoo.fr', NULL, 'CARROSSERIE ', 'LENSOISE', NULL, NULL, NULL, NULL, NULL, 'client_professionnel', NULL, NULL, NULL, NULL, '2026-01-13T16:07:09.596Z', '2026-01-13T16:07:09.596Z');

-- Table: services (20 rows)
DELETE FROM "services";
INSERT INTO "services" ("id", "name", "description", "base_price", "category", "is_active", "estimated_duration", "image_url", "custom_form_fields", "created_at", "updated_at") VALUES ('b777280e-1b49-42f4-9c9d-e36f7be48b65', 'Devoilage', '', '100.00', 'Cat1', TRUE, NULL, NULL, NULL, '2026-01-04T16:08:29.957Z', '2026-01-04T16:08:29.957Z');
INSERT INTO "services" ("id", "name", "description", "base_price", "category", "is_active", "estimated_duration", "image_url", "custom_form_fields", "created_at", "updated_at") VALUES ('5b6a6364-46fd-4d08-bc0d-1a75502dd778', 'SOUDURE', '', '90.00', '', TRUE, NULL, NULL, NULL, '2026-01-05T14:52:16.740Z', '2026-01-05T14:52:16.740Z');
INSERT INTO "services" ("id", "name", "description", "base_price", "category", "is_active", "estimated_duration", "image_url", "custom_form_fields", "created_at", "updated_at") VALUES ('7b55dfa9-cb9d-4269-8fb6-47dd8f0ea088', 'RENOVATION JANTE BICOLORE 16 POUCE ', '', '109.00', '', TRUE, NULL, NULL, NULL, '2026-01-05T14:54:08.804Z', '2026-01-05T14:54:08.804Z');
INSERT INTO "services" ("id", "name", "description", "base_price", "category", "is_active", "estimated_duration", "image_url", "custom_form_fields", "created_at", "updated_at") VALUES ('08f76e8d-bc5a-40c2-95e9-13254f1f6d50', 'SABLAGE', '', '0.00', '', TRUE, NULL, NULL, NULL, '2026-01-07T14:06:55.362Z', '2026-01-07T14:06:55.362Z');
INSERT INTO "services" ("id", "name", "description", "base_price", "category", "is_active", "estimated_duration", "image_url", "custom_form_fields", "created_at", "updated_at") VALUES ('3a343cb7-e115-4bb2-bd73-337d896eac70', 'APPORT MATIÈRE ', '', '50.00', '', TRUE, NULL, NULL, NULL, '2026-01-07T14:07:09.561Z', '2026-01-07T14:07:09.561Z');
INSERT INTO "services" ("id", "name", "description", "base_price", "category", "is_active", "estimated_duration", "image_url", "custom_form_fields", "created_at", "updated_at") VALUES ('cea2cf07-7a40-45b8-9ad0-79117848ba1f', 'DÉMONTAGE PNEUMATIQUE', '', '0.00', '', TRUE, NULL, NULL, NULL, '2026-01-07T14:09:59.815Z', '2026-01-07T14:09:59.815Z');
INSERT INTO "services" ("id", "name", "description", "base_price", "category", "is_active", "estimated_duration", "image_url", "custom_form_fields", "created_at", "updated_at") VALUES ('b5b8b2d8-e24d-487e-aabe-fbbadb8a335b', 'RENOVATION JANTE BICOLORE 19 POUCE', '', '107.50', '', TRUE, NULL, NULL, NULL, '2026-01-05T14:54:59.868Z', '2026-01-09T08:33:20.519Z');
INSERT INTO "services" ("id", "name", "description", "base_price", "category", "is_active", "estimated_duration", "image_url", "custom_form_fields", "created_at", "updated_at") VALUES ('9614fb1b-a952-49ec-9135-8c2c529e4440', 'RENOVATION JANTE UNICOLOR 19,20,21', '', '107.50', '', TRUE, NULL, NULL, NULL, '2026-01-05T15:00:19.605Z', '2026-01-09T08:33:39.018Z');
INSERT INTO "services" ("id", "name", "description", "base_price", "category", "is_active", "estimated_duration", "image_url", "custom_form_fields", "created_at", "updated_at") VALUES ('9c2f2d49-a2f3-4cff-9eac-2475984b89ae', 'RENOVATION JANTE BICOLORE 21 POUCE', '', '115.83', '', TRUE, NULL, NULL, NULL, '2026-01-05T14:56:23.662Z', '2026-01-09T08:37:23.716Z');
INSERT INTO "services" ("id", "name", "description", "base_price", "category", "is_active", "estimated_duration", "image_url", "custom_form_fields", "created_at", "updated_at") VALUES ('b216ef24-ba95-4a57-8f8a-8158e5b4d17d', 'RENOVATION JANTE BICOLORE 20 POUCE', '', '115.83', '', TRUE, NULL, NULL, NULL, '2026-01-05T14:55:51.521Z', '2026-01-09T08:37:50.860Z');
INSERT INTO "services" ("id", "name", "description", "base_price", "category", "is_active", "estimated_duration", "image_url", "custom_form_fields", "created_at", "updated_at") VALUES ('5a83f452-cdfd-4b6b-a221-a4f2ee4fd16c', 'RENOVATION JANTE UNICOLOR 16,17,18 POUCE ', '', '99.17', '', TRUE, NULL, NULL, NULL, '2026-01-05T14:59:38.072Z', '2026-01-09T08:39:40.554Z');
INSERT INTO "services" ("id", "name", "description", "base_price", "category", "is_active", "estimated_duration", "image_url", "custom_form_fields", "created_at", "updated_at") VALUES ('966fe1e1-d58e-45f4-91de-696bb94624ac', 'RENOVATION JANTE BICOLORE 17 POUCE ', '', '99.17', '', TRUE, NULL, NULL, NULL, '2026-01-05T14:54:30.611Z', '2026-01-09T08:39:53.285Z');
INSERT INTO "services" ("id", "name", "description", "base_price", "category", "is_active", "estimated_duration", "image_url", "custom_form_fields", "created_at", "updated_at") VALUES ('abc20b00-3bc7-4a7d-b342-76b58b5f428a', 'MONTAGE PNEUS + EQUILIBRAGE', '', '12.50', '', TRUE, NULL, NULL, NULL, '2026-01-05T14:52:38.589Z', '2026-01-09T08:42:49.861Z');
INSERT INTO "services" ("id", "name", "description", "base_price", "category", "is_active", "estimated_duration", "image_url", "custom_form_fields", "created_at", "updated_at") VALUES ('bbe5c66a-af03-4bf3-b6b7-a92f95e46b2d', 'EQUILIBRAGE', '', '8.33', '', TRUE, NULL, NULL, NULL, '2026-01-05T14:51:57.910Z', '2026-01-09T08:43:07.437Z');
INSERT INTO "services" ("id", "name", "description", "base_price", "category", "is_active", "estimated_duration", "image_url", "custom_form_fields", "created_at", "updated_at") VALUES ('4f7a03f8-469c-454e-802f-c7be7ed1d390', 'Personnalisation Jante 900+ Or ', '', '160.00', '', TRUE, NULL, NULL, NULL, '2026-01-12T14:24:59.600Z', '2026-01-12T14:24:59.600Z');
INSERT INTO "services" ("id", "name", "description", "base_price", "category", "is_active", "estimated_duration", "image_url", "custom_form_fields", "created_at", "updated_at") VALUES ('cd42508e-2ccd-4355-8dae-9ec653a11339', 'Décapage ', '', '0.00', '', TRUE, NULL, NULL, NULL, '2026-01-12T14:26:53.518Z', '2026-01-12T14:26:53.518Z');
INSERT INTO "services" ("id", "name", "description", "base_price", "category", "is_active", "estimated_duration", "image_url", "custom_form_fields", "created_at", "updated_at") VALUES ('f252f5a6-8b3c-4ea5-b3d7-2020e92d3139', 'Usinage Diamantage Jante', '', '50.00', '', TRUE, NULL, NULL, NULL, '2026-01-12T14:37:43.837Z', '2026-01-12T18:07:10.814Z');
INSERT INTO "services" ("id", "name", "description", "base_price", "category", "is_active", "estimated_duration", "image_url", "custom_form_fields", "created_at", "updated_at") VALUES ('df0a37bd-2416-4821-b724-04a388cf4db4', 'RÉNOVATION JANTE UNICOLOR', '', '0.00', '', TRUE, NULL, NULL, NULL, '2026-01-12T18:07:28.706Z', '2026-01-12T18:07:28.706Z');
INSERT INTO "services" ("id", "name", "description", "base_price", "category", "is_active", "estimated_duration", "image_url", "custom_form_fields", "created_at", "updated_at") VALUES ('76d384bb-3715-42b6-8661-105e9f828a23', 'Renovation Jante BiColor', '', '0.00', '', TRUE, NULL, NULL, NULL, '2026-01-13T05:59:30.101Z', '2026-01-13T05:59:30.101Z');
INSERT INTO "services" ("id", "name", "description", "base_price", "category", "is_active", "estimated_duration", "image_url", "custom_form_fields", "created_at", "updated_at") VALUES ('ee48fd74-8514-4dca-9850-72469ddde3dd', 'Contrôle Étanchéité ', '', '0.00', '', TRUE, NULL, NULL, NULL, '2026-01-13T12:01:28.745Z', '2026-01-13T12:01:28.745Z');

-- Table: workflows (20 rows)
DELETE FROM "workflows";
INSERT INTO "workflows" ("id", "service_id", "name", "description", "created_at", "updated_at") VALUES ('1978783d-b5e2-4181-b118-f70826bb0be7', 'b777280e-1b49-42f4-9c9d-e36f7be48b65', 'Workflow - Devoilage', 'Workflow pour le service Devoilage', '2026-01-04T16:08:29.986Z', '2026-01-04T16:08:29.986Z');
INSERT INTO "workflows" ("id", "service_id", "name", "description", "created_at", "updated_at") VALUES ('6f6ef236-3a9d-4035-8452-9a68a222c3f5', 'bbe5c66a-af03-4bf3-b6b7-a92f95e46b2d', 'Workflow - EQUILIBRAGE', 'Workflow pour le service EQUILIBRAGE', '2026-01-05T14:51:57.941Z', '2026-01-05T14:51:57.941Z');
INSERT INTO "workflows" ("id", "service_id", "name", "description", "created_at", "updated_at") VALUES ('44f67d4d-232c-4962-ae25-985e7b70bd71', '5b6a6364-46fd-4d08-bc0d-1a75502dd778', 'Workflow - SOUDURE', 'Workflow pour le service SOUDURE', '2026-01-05T14:52:16.767Z', '2026-01-05T14:52:16.767Z');
INSERT INTO "workflows" ("id", "service_id", "name", "description", "created_at", "updated_at") VALUES ('bbaf80c3-890c-485b-a770-3f45e0fac133', 'abc20b00-3bc7-4a7d-b342-76b58b5f428a', 'Workflow - MONTAGE PNEUS + EQUILIBRAGE', 'Workflow pour le service MONTAGE PNEUS + EQUILIBRAGE', '2026-01-05T14:52:38.615Z', '2026-01-05T14:52:38.615Z');
INSERT INTO "workflows" ("id", "service_id", "name", "description", "created_at", "updated_at") VALUES ('c313a5ba-5688-4e61-91ff-43cfcab36731', '7b55dfa9-cb9d-4269-8fb6-47dd8f0ea088', 'Workflow - RENOVATION JANTE BICOLORE 16 POUCE ', 'Workflow pour le service RENOVATION JANTE BICOLORE 16 POUCE ', '2026-01-05T14:54:08.836Z', '2026-01-05T14:54:08.836Z');
INSERT INTO "workflows" ("id", "service_id", "name", "description", "created_at", "updated_at") VALUES ('442dd39b-d683-43a9-b6f4-77a74dfb8a84', '966fe1e1-d58e-45f4-91de-696bb94624ac', 'Workflow - RENOVATION JANTE 17 POUCE ', 'Workflow pour le service RENOVATION JANTE 17 POUCE ', '2026-01-05T14:54:30.636Z', '2026-01-05T14:54:30.636Z');
INSERT INTO "workflows" ("id", "service_id", "name", "description", "created_at", "updated_at") VALUES ('e0827f12-ca84-454e-bddc-47fbff3dfcb6', 'b5b8b2d8-e24d-487e-aabe-fbbadb8a335b', 'Workflow - RENOVATION JANTE 19 POUCE', 'Workflow pour le service RENOVATION JANTE 19 POUCE', '2026-01-05T14:54:59.893Z', '2026-01-05T14:54:59.893Z');
INSERT INTO "workflows" ("id", "service_id", "name", "description", "created_at", "updated_at") VALUES ('0fd5bccc-e4e5-4b42-a320-6a96aa63d431', 'b216ef24-ba95-4a57-8f8a-8158e5b4d17d', 'Workflow - RENOVATION JANTE BICOLORE 20 POUCE', 'Workflow pour le service RENOVATION JANTE BICOLORE 20 POUCE', '2026-01-05T14:55:51.546Z', '2026-01-05T14:55:51.546Z');
INSERT INTO "workflows" ("id", "service_id", "name", "description", "created_at", "updated_at") VALUES ('f93bcfab-e1d7-4676-85ea-f19d77d66a31', '9c2f2d49-a2f3-4cff-9eac-2475984b89ae', 'Workflow - RENOVATION JANTE BICOLORE 21 POUCE', 'Workflow pour le service RENOVATION JANTE BICOLORE 21 POUCE', '2026-01-05T14:56:23.692Z', '2026-01-05T14:56:23.692Z');
INSERT INTO "workflows" ("id", "service_id", "name", "description", "created_at", "updated_at") VALUES ('8baf1e93-9226-41f3-87e2-431956615672', '5a83f452-cdfd-4b6b-a221-a4f2ee4fd16c', 'Workflow - RENOVATION JANTE UNICOLOR 16,17,18 POUCE ', 'Workflow pour le service RENOVATION JANTE UNICOLOR 16,17,18 POUCE ', '2026-01-05T14:59:38.108Z', '2026-01-05T14:59:38.108Z');
INSERT INTO "workflows" ("id", "service_id", "name", "description", "created_at", "updated_at") VALUES ('4b7326e3-82b4-435a-80d3-6db1fa882fa5', '9614fb1b-a952-49ec-9135-8c2c529e4440', 'Workflow - RENOVATION JANTE UNICOLOR 19,20,21', 'Workflow pour le service RENOVATION JANTE UNICOLOR 19,20,21', '2026-01-05T15:00:19.642Z', '2026-01-05T15:00:19.642Z');
INSERT INTO "workflows" ("id", "service_id", "name", "description", "created_at", "updated_at") VALUES ('8e0faddd-7160-455f-985e-0f06ae589f26', '08f76e8d-bc5a-40c2-95e9-13254f1f6d50', 'Workflow - SABLAGE', 'Workflow pour le service SABLAGE', '2026-01-07T14:06:55.390Z', '2026-01-07T14:06:55.390Z');
INSERT INTO "workflows" ("id", "service_id", "name", "description", "created_at", "updated_at") VALUES ('9e3b08ea-c5e5-4990-b824-9d78b0bacaa5', '3a343cb7-e115-4bb2-bd73-337d896eac70', 'Workflow - APPORT MATIÈRE ', 'Workflow pour le service APPORT MATIÈRE ', '2026-01-07T14:07:09.587Z', '2026-01-07T14:07:09.587Z');
INSERT INTO "workflows" ("id", "service_id", "name", "description", "created_at", "updated_at") VALUES ('e687b365-8a71-4045-9e5c-1b15a40f662d', 'cea2cf07-7a40-45b8-9ad0-79117848ba1f', 'Workflow - DÉMONTAGE PNEUMATIQUE', 'Workflow pour le service DÉMONTAGE PNEUMATIQUE', '2026-01-07T14:09:59.847Z', '2026-01-07T14:09:59.847Z');
INSERT INTO "workflows" ("id", "service_id", "name", "description", "created_at", "updated_at") VALUES ('8a9235d2-e95c-4134-bd4d-41bd84252507', '4f7a03f8-469c-454e-802f-c7be7ed1d390', 'Workflow - Personnalisation Jante 900+ Or ', 'Workflow pour le service Personnalisation Jante 900+ Or ', '2026-01-12T14:24:59.632Z', '2026-01-12T14:24:59.632Z');
INSERT INTO "workflows" ("id", "service_id", "name", "description", "created_at", "updated_at") VALUES ('79c5d809-05b8-4dc0-9a8e-d668b01b9b25', 'cd42508e-2ccd-4355-8dae-9ec653a11339', 'Workflow - Décapage ', 'Workflow pour le service Décapage ', '2026-01-12T14:26:53.546Z', '2026-01-12T14:26:53.546Z');
INSERT INTO "workflows" ("id", "service_id", "name", "description", "created_at", "updated_at") VALUES ('4d86c411-180a-412b-842c-7e8b8bd267ef', 'f252f5a6-8b3c-4ea5-b3d7-2020e92d3139', 'Workflow - Usinage Diamanatge Jante', 'Workflow pour le service Usinage Diamanatge Jante', '2026-01-12T14:37:43.867Z', '2026-01-12T14:37:43.867Z');
INSERT INTO "workflows" ("id", "service_id", "name", "description", "created_at", "updated_at") VALUES ('0f5deb43-7b86-4f40-8704-a85446c9c8a4', 'df0a37bd-2416-4821-b724-04a388cf4db4', 'Workflow - RÉNOVATION JANTE UNICOLOR', 'Workflow pour le service RÉNOVATION JANTE UNICOLOR', '2026-01-12T18:07:28.734Z', '2026-01-12T18:07:28.734Z');
INSERT INTO "workflows" ("id", "service_id", "name", "description", "created_at", "updated_at") VALUES ('87665eb3-938d-4df0-804a-302be336ce9e', '76d384bb-3715-42b6-8661-105e9f828a23', 'Workflow - Renovation Jante BiColor', 'Workflow pour le service Renovation Jante BiColor', '2026-01-13T05:59:30.128Z', '2026-01-13T05:59:30.128Z');
INSERT INTO "workflows" ("id", "service_id", "name", "description", "created_at", "updated_at") VALUES ('a1c802c0-1887-40c2-b99f-9b5e6e0cf439', 'ee48fd74-8514-4dca-9850-72469ddde3dd', 'Workflow - Contrôle Étanchéité ', 'Workflow pour le service Contrôle Étanchéité ', '2026-01-13T12:01:28.774Z', '2026-01-13T12:01:28.774Z');

-- Table: workflow_steps (1 rows)
DELETE FROM "workflow_steps";
INSERT INTO "workflow_steps" ("id", "workflow_id", "step_number", "title", "description", "created_at", "updated_at") VALUES ('1a157d1f-871b-4459-8028-5cab82fcb245', '1978783d-b5e2-4181-b118-f70826bb0be7', 1, 'Haha', 'Jsjsj', '2026-01-04T16:08:44.763Z', '2026-01-04T16:08:44.763Z');

-- Table: quotes (27 rows)
DELETE FROM "quotes";
INSERT INTO "quotes" ("id", "reference", "client_id", "service_id", "status", "payment_method", "request_details", "quote_amount", "wheel_count", "diameter", "price_excluding_tax", "tax_rate", "tax_amount", "product_details", "notes", "valid_until", "created_at", "updated_at") VALUES ('3fec6470-ea2a-497e-b6cd-6a15817250a8', 'DEV-12-01-009', '9b5096d9-b2c7-49af-9326-4d9789a7ae52', 'cea2cf07-7a40-45b8-9ad0-79117848ba1f', 'approved', 'card', NULL, '129.00', 1, '', '107.50', '20.00', '21.50', '', '', NULL, '2026-01-12T18:10:45.717Z', '2026-01-12T18:10:50.961Z');
INSERT INTO "quotes" ("id", "reference", "client_id", "service_id", "status", "payment_method", "request_details", "quote_amount", "wheel_count", "diameter", "price_excluding_tax", "tax_rate", "tax_amount", "product_details", "notes", "valid_until", "created_at", "updated_at") VALUES ('6d234f5d-5589-4daf-a9db-5f42455b2df0', 'DEV-07-01-001', '4cf06b14-1dcf-4670-9387-cf6365138738', 'cea2cf07-7a40-45b8-9ad0-79117848ba1f', 'rejected', 'card', NULL, '480.00', 4, '18', '400.00', '20.00', '80.00', '', '', NULL, '2026-01-07T14:14:19.650Z', '2026-01-07T14:16:14.236Z');
INSERT INTO "quotes" ("id", "reference", "client_id", "service_id", "status", "payment_method", "request_details", "quote_amount", "wheel_count", "diameter", "price_excluding_tax", "tax_rate", "tax_amount", "product_details", "notes", "valid_until", "created_at", "updated_at") VALUES ('b31fa14e-e738-4a0e-8c27-3103a4097e41', 'DEV-07-01-002', 'bd1db00a-bb60-4818-8479-7f65853b8bdf', 'cea2cf07-7a40-45b8-9ad0-79117848ba1f', 'approved', 'card', NULL, '480.00', 4, '18’', '436.00', '20.00', '87.20', '', '', NULL, '2026-01-07T14:17:39.298Z', '2026-01-07T14:18:08.098Z');
INSERT INTO "quotes" ("id", "reference", "client_id", "service_id", "status", "payment_method", "request_details", "quote_amount", "wheel_count", "diameter", "price_excluding_tax", "tax_rate", "tax_amount", "product_details", "notes", "valid_until", "created_at", "updated_at") VALUES ('cbf4f27a-35cd-46e9-8a87-b3f65fa5fd73', 'DEV-08-01-001', '9b3a366c-50d1-47df-bd23-912addea26c4', '9c2f2d49-a2f3-4cff-9eac-2475984b89ae', 'approved', 'wire_transfer', NULL, '166.80', 4, '19', '139.00', '20.00', '27.80', '', '', NULL, '2026-01-08T07:48:42.512Z', '2026-01-08T07:48:46.860Z');
INSERT INTO "quotes" ("id", "reference", "client_id", "service_id", "status", "payment_method", "request_details", "quote_amount", "wheel_count", "diameter", "price_excluding_tax", "tax_rate", "tax_amount", "product_details", "notes", "valid_until", "created_at", "updated_at") VALUES ('5a2c5594-fef8-4968-8156-f408cf92c070', 'DEV-08-01-002', '7958b339-5899-4bc6-aa93-5398e20644cc', '5b6a6364-46fd-4d08-bc0d-1a75502dd778', 'approved', 'card', NULL, '108.00', 1, '19', '90.00', '20.00', '18.00', '', '', NULL, '2026-01-08T15:17:41.568Z', '2026-01-08T15:18:09.791Z');
INSERT INTO "quotes" ("id", "reference", "client_id", "service_id", "status", "payment_method", "request_details", "quote_amount", "wheel_count", "diameter", "price_excluding_tax", "tax_rate", "tax_amount", "product_details", "notes", "valid_until", "created_at", "updated_at") VALUES ('d824ae39-269a-4326-9861-640c1cc922c3', 'DEV-09-01-001', 'c8dab40b-f42d-4acf-a22d-b42f038c2e4f', '9614fb1b-a952-49ec-9135-8c2c529e4440', 'approved', 'wire_transfer', NULL, '625.20', 4, '19', '521.00', '20.00', '104.20', '', '', NULL, '2026-01-09T01:19:44.919Z', '2026-01-09T01:19:49.449Z');
INSERT INTO "quotes" ("id", "reference", "client_id", "service_id", "status", "payment_method", "request_details", "quote_amount", "wheel_count", "diameter", "price_excluding_tax", "tax_rate", "tax_amount", "product_details", "notes", "valid_until", "created_at", "updated_at") VALUES ('747d7812-81f1-495a-8a06-087ab11a2020', 'DEV-09-01-002', 'c06aee3e-0770-445f-ab09-10b6f14e5a2d', 'b5b8b2d8-e24d-487e-aabe-fbbadb8a335b', 'approved', 'card', NULL, '129.00', 1, '19', '107.50', '20.00', '21.50', '', '', NULL, '2026-01-09T08:29:18.913Z', '2026-01-09T08:29:53.147Z');
INSERT INTO "quotes" ("id", "reference", "client_id", "service_id", "status", "payment_method", "request_details", "quote_amount", "wheel_count", "diameter", "price_excluding_tax", "tax_rate", "tax_amount", "product_details", "notes", "valid_until", "created_at", "updated_at") VALUES ('b9464228-9526-42d5-9602-54e9e63a1c89', 'DEV-09-01-003', '69c31f37-e706-4562-923b-ba58ada566f7', 'b777280e-1b49-42f4-9c9d-e36f7be48b65', 'approved', 'card', NULL, '120.00', 1, '16', '100.00', '20.00', '20.00', '', '', NULL, '2026-01-09T12:37:14.636Z', '2026-01-09T12:37:20.161Z');
INSERT INTO "quotes" ("id", "reference", "client_id", "service_id", "status", "payment_method", "request_details", "quote_amount", "wheel_count", "diameter", "price_excluding_tax", "tax_rate", "tax_amount", "product_details", "notes", "valid_until", "created_at", "updated_at") VALUES ('def187e1-071b-4d33-b203-e3b52fd646a5', 'DEV-09-01-004', '5871e454-6a69-44d1-93d3-1f904ee041c9', '9614fb1b-a952-49ec-9135-8c2c529e4440', 'approved', 'wire_transfer', NULL, '129.00', 4, '19', '107.50', '20.00', '21.50', '', '', NULL, '2026-01-09T14:23:04.440Z', '2026-01-09T14:23:08.767Z');
INSERT INTO "quotes" ("id", "reference", "client_id", "service_id", "status", "payment_method", "request_details", "quote_amount", "wheel_count", "diameter", "price_excluding_tax", "tax_rate", "tax_amount", "product_details", "notes", "valid_until", "created_at", "updated_at") VALUES ('0aed839f-1700-402a-906a-34c40e7b430c', 'DEV-09-01-005', '328fec05-2afe-41dc-a101-71bbb4c96560', 'cea2cf07-7a40-45b8-9ad0-79117848ba1f', 'approved', 'card', NULL, '348.00', 2, '', '290.00', '20.00', '58.00', 'Rénovation / personnalisation noir', '', NULL, '2026-01-09T14:25:27.276Z', '2026-01-09T14:25:33.695Z');
INSERT INTO "quotes" ("id", "reference", "client_id", "service_id", "status", "payment_method", "request_details", "quote_amount", "wheel_count", "diameter", "price_excluding_tax", "tax_rate", "tax_amount", "product_details", "notes", "valid_until", "created_at", "updated_at") VALUES ('bbce2b26-df43-4c63-b5ae-e701ed2a05eb', 'DEV-10-01-001', '9b3a366c-50d1-47df-bd23-912addea26c4', 'b5b8b2d8-e24d-487e-aabe-fbbadb8a335b', 'approved', 'wire_transfer', NULL, '129.00', 4, '19', '107.50', '20.00', '21.50', '', '', NULL, '2026-01-10T15:07:15.365Z', '2026-01-10T15:07:20.401Z');
INSERT INTO "quotes" ("id", "reference", "client_id", "service_id", "status", "payment_method", "request_details", "quote_amount", "wheel_count", "diameter", "price_excluding_tax", "tax_rate", "tax_amount", "product_details", "notes", "valid_until", "created_at", "updated_at") VALUES ('a29046f0-7608-4a43-b675-172668506fde', 'DEV-12-01-004', 'fc40075c-255b-4dd4-b4ca-0f79ef889203', 'cea2cf07-7a40-45b8-9ad0-79117848ba1f', 'approved', 'card', NULL, '150.00', 2, '20', '125.00', '20.00', '25.00', '', '', NULL, '2026-01-12T13:47:28.585Z', '2026-01-12T14:09:11.965Z');
INSERT INTO "quotes" ("id", "reference", "client_id", "service_id", "status", "payment_method", "request_details", "quote_amount", "wheel_count", "diameter", "price_excluding_tax", "tax_rate", "tax_amount", "product_details", "notes", "valid_until", "created_at", "updated_at") VALUES ('2cd9e63f-9c10-43b0-902b-85ea36120f6e', 'DEV-11-01-001', '6ede2a08-1878-4793-b034-f0ee6185db7d', 'cea2cf07-7a40-45b8-9ad0-79117848ba1f', 'approved', 'card', NULL, '476.02', 4, '17', '396.68', '20.00', '79.34', '', '', NULL, '2026-01-11T18:04:54.677Z', '2026-01-11T18:11:05.135Z');
INSERT INTO "quotes" ("id", "reference", "client_id", "service_id", "status", "payment_method", "request_details", "quote_amount", "wheel_count", "diameter", "price_excluding_tax", "tax_rate", "tax_amount", "product_details", "notes", "valid_until", "created_at", "updated_at") VALUES ('9553f176-0a25-42b5-9662-a4471b474bb9', 'DEV-12-01-001', '08905b9b-fe4c-4ccc-9dfc-85d28010b729', 'b777280e-1b49-42f4-9c9d-e36f7be48b65', 'approved', 'wire_transfer', NULL, '120.00', 1, '17', '100.00', '20.00', '20.00', '', '', NULL, '2026-01-12T09:47:33.009Z', '2026-01-12T09:47:44.586Z');
INSERT INTO "quotes" ("id", "reference", "client_id", "service_id", "status", "payment_method", "request_details", "quote_amount", "wheel_count", "diameter", "price_excluding_tax", "tax_rate", "tax_amount", "product_details", "notes", "valid_until", "created_at", "updated_at") VALUES ('54c99fae-e9f7-4b49-83ab-50a9dc44889a', 'DEV-12-01-002', 'ef6c1d4c-dec5-4906-a869-3c68dc712d05', 'cea2cf07-7a40-45b8-9ad0-79117848ba1f', 'approved', 'wire_transfer', NULL, '280.39', 4, '19', '233.66', '20.00', '46.73', '', '', NULL, '2026-01-12T12:07:31.458Z', '2026-01-12T12:07:53.177Z');
INSERT INTO "quotes" ("id", "reference", "client_id", "service_id", "status", "payment_method", "request_details", "quote_amount", "wheel_count", "diameter", "price_excluding_tax", "tax_rate", "tax_amount", "product_details", "notes", "valid_until", "created_at", "updated_at") VALUES ('41e32a5a-1041-4da6-8c1f-95fe7a713d94', 'DEV-12-01-003', '84b3b97b-5fd9-4f5b-838c-f810f3f2e5d1', '9614fb1b-a952-49ec-9135-8c2c529e4440', 'approved', 'wire_transfer', NULL, '189.00', 1, '20', '157.50', '20.00', '31.50', '', '', NULL, '2026-01-12T13:46:48.548Z', '2026-01-12T14:13:45.873Z');
INSERT INTO "quotes" ("id", "reference", "client_id", "service_id", "status", "payment_method", "request_details", "quote_amount", "wheel_count", "diameter", "price_excluding_tax", "tax_rate", "tax_amount", "product_details", "notes", "valid_until", "created_at", "updated_at") VALUES ('da326734-0edc-418b-bcf6-77e624abece1', 'DEV-12-01-005', '6849a19d-77e6-483b-8e56-86a5eba1df53', 'cea2cf07-7a40-45b8-9ad0-79117848ba1f', 'approved', 'card', NULL, '792.00', 4, '', '660.00', '20.00', '132.00', '', '', NULL, '2026-01-12T14:34:25.707Z', '2026-01-12T14:34:29.717Z');
INSERT INTO "quotes" ("id", "reference", "client_id", "service_id", "status", "payment_method", "request_details", "quote_amount", "wheel_count", "diameter", "price_excluding_tax", "tax_rate", "tax_amount", "product_details", "notes", "valid_until", "created_at", "updated_at") VALUES ('7497a0f1-6f8a-4e48-ac8e-edcb2cf70b05', 'DEV-13-01-001', 'f7c6e3e6-3bb6-4b46-8f78-9d06cede5982', 'cea2cf07-7a40-45b8-9ad0-79117848ba1f', 'approved', 'card', NULL, '571.20', 4, '', '476.00', '20.00', '95.20', '', '', NULL, '2026-01-13T06:02:04.709Z', '2026-01-13T06:02:22.020Z');
INSERT INTO "quotes" ("id", "reference", "client_id", "service_id", "status", "payment_method", "request_details", "quote_amount", "wheel_count", "diameter", "price_excluding_tax", "tax_rate", "tax_amount", "product_details", "notes", "valid_until", "created_at", "updated_at") VALUES ('e633803b-d4a3-403f-8514-3819c9d47bfb', 'DEV-12-01-006', '1148d52d-2e0c-463d-ae28-bbc9ec5c7383', 'cea2cf07-7a40-45b8-9ad0-79117848ba1f', 'approved', 'card', NULL, '192.00', 1, '', '160.00', '20.00', '32.00', '', '', NULL, '2026-01-12T14:40:22.767Z', '2026-01-12T14:47:01.283Z');
INSERT INTO "quotes" ("id", "reference", "client_id", "service_id", "status", "payment_method", "request_details", "quote_amount", "wheel_count", "diameter", "price_excluding_tax", "tax_rate", "tax_amount", "product_details", "notes", "valid_until", "created_at", "updated_at") VALUES ('e8d8a029-79a6-43ab-ad21-531bff872b45', 'DEV-13-01-002', '809eb2aa-355b-477c-ad4f-6acdc3fec736', 'cea2cf07-7a40-45b8-9ad0-79117848ba1f', 'approved', 'card', NULL, '202.80', 4, '', '169.00', '20.00', '33.80', '', '', NULL, '2026-01-13T09:16:36.256Z', '2026-01-13T09:16:41.624Z');
INSERT INTO "quotes" ("id", "reference", "client_id", "service_id", "status", "payment_method", "request_details", "quote_amount", "wheel_count", "diameter", "price_excluding_tax", "tax_rate", "tax_amount", "product_details", "notes", "valid_until", "created_at", "updated_at") VALUES ('8cc1251e-d67f-4ec1-99a5-944857b6cc99', 'DEV-12-01-007', 'a12b4868-d06f-40b7-8aa6-2deff0716508', 'cea2cf07-7a40-45b8-9ad0-79117848ba1f', 'approved', 'card', NULL, '576.00', 4, '', '480.00', '20.00', '96.00', '', '', NULL, '2026-01-12T14:55:22.071Z', '2026-01-12T16:27:41.734Z');
INSERT INTO "quotes" ("id", "reference", "client_id", "service_id", "status", "payment_method", "request_details", "quote_amount", "wheel_count", "diameter", "price_excluding_tax", "tax_rate", "tax_amount", "product_details", "notes", "valid_until", "created_at", "updated_at") VALUES ('5dc2cf37-794d-47a7-9cf1-b78b38f28c2b', 'DEV-13-01-003', '57d0f2b0-eb52-4959-867f-815570b1a598', 'b777280e-1b49-42f4-9c9d-e36f7be48b65', 'approved', 'card', NULL, '390.00', 4, '13', '325.00', '20.00', '65.00', '', '', NULL, '2026-01-13T09:46:19.198Z', '2026-01-13T09:46:25.332Z');
INSERT INTO "quotes" ("id", "reference", "client_id", "service_id", "status", "payment_method", "request_details", "quote_amount", "wheel_count", "diameter", "price_excluding_tax", "tax_rate", "tax_amount", "product_details", "notes", "valid_until", "created_at", "updated_at") VALUES ('1188c6a9-869b-4831-a145-f310ef5c1106', 'DEV-12-01-008', '9b5096d9-b2c7-49af-9326-4d9789a7ae52', 'cea2cf07-7a40-45b8-9ad0-79117848ba1f', 'approved', 'card', NULL, '0.00', 1, '', '0.00', '20.00', '0.00', '', '', NULL, '2026-01-12T18:05:44.480Z', '2026-01-12T18:07:44.969Z');
INSERT INTO "quotes" ("id", "reference", "client_id", "service_id", "status", "payment_method", "request_details", "quote_amount", "wheel_count", "diameter", "price_excluding_tax", "tax_rate", "tax_amount", "product_details", "notes", "valid_until", "created_at", "updated_at") VALUES ('70819ab9-9404-446d-99cb-151064112190', 'DEV-13-01-004', '325ad964-d436-42b4-9db6-dc6de6f6435e', 'cea2cf07-7a40-45b8-9ad0-79117848ba1f', 'approved', 'card', NULL, '240.00', 2, '', '200.00', '20.00', '40.00', '', '', NULL, '2026-01-13T12:03:10.680Z', '2026-01-13T12:03:18.682Z');
INSERT INTO "quotes" ("id", "reference", "client_id", "service_id", "status", "payment_method", "request_details", "quote_amount", "wheel_count", "diameter", "price_excluding_tax", "tax_rate", "tax_amount", "product_details", "notes", "valid_until", "created_at", "updated_at") VALUES ('03e398f9-4120-4787-8fce-d1fadcb9396f', 'DEV-13-01-005', '7a7e3a20-dcba-4fcb-9f8d-64dfa13dc0b2', 'b777280e-1b49-42f4-9c9d-e36f7be48b65', 'approved', 'wire_transfer', NULL, '120.00', 1, '', '100.00', '20.00', '20.00', '', '', NULL, '2026-01-13T12:46:51.866Z', '2026-01-13T12:46:59.674Z');
INSERT INTO "quotes" ("id", "reference", "client_id", "service_id", "status", "payment_method", "request_details", "quote_amount", "wheel_count", "diameter", "price_excluding_tax", "tax_rate", "tax_amount", "product_details", "notes", "valid_until", "created_at", "updated_at") VALUES ('f50818a4-ee56-4826-9531-7a1dcd06dbdd', 'DEV-13-01-007', '6ede2a08-1878-4793-b034-f0ee6185db7d', '76d384bb-3715-42b6-8661-105e9f828a23', 'approved', 'card', NULL, '0.00', 1, '', '0.00', '20.00', '0.00', '', '', NULL, '2026-01-13T14:55:54.054Z', '2026-01-13T14:55:58.970Z');
INSERT INTO "quotes" ("id", "reference", "client_id", "service_id", "status", "payment_method", "request_details", "quote_amount", "wheel_count", "diameter", "price_excluding_tax", "tax_rate", "tax_amount", "product_details", "notes", "valid_until", "created_at", "updated_at") VALUES ('55525a54-81b8-4500-a98d-9b9a6d97092c', 'DEV-13-01-006', '5f463e61-082f-4612-9d1d-9928496e8abf', 'b5b8b2d8-e24d-487e-aabe-fbbadb8a335b', 'approved', 'card', NULL, '258.00', 2, '18', '215.00', '20.00', '43.00', '', '', NULL, '2026-01-13T13:50:31.013Z', '2026-01-13T15:09:10.349Z');

-- Table: quote_items (72 rows)
DELETE FROM "quote_items";
INSERT INTO "quote_items" ("id", "quote_id", "description", "quantity", "unit_price_excluding_tax", "total_excluding_tax", "tax_rate", "tax_amount", "total_including_tax", "created_at", "updated_at") VALUES ('e36f2463-f594-4a9c-9d3a-7fa1f3c8ae10', '6d234f5d-5589-4daf-a9db-5f42455b2df0', 'DÉMONTAGE PNEUMATIQUE', '4.00', '0.00', '0.00', '20.00', '0.00', '0.00', '2026-01-07T14:14:19.681Z', '2026-01-07T14:14:19.681Z');
INSERT INTO "quote_items" ("id", "quote_id", "description", "quantity", "unit_price_excluding_tax", "total_excluding_tax", "tax_rate", "tax_amount", "total_including_tax", "created_at", "updated_at") VALUES ('db8c818d-5490-441e-8857-e85d9c45ab7f', '6d234f5d-5589-4daf-a9db-5f42455b2df0', 'SABLAGE', '4.00', '0.00', '0.00', '20.00', '0.00', '0.00', '2026-01-07T14:14:19.706Z', '2026-01-07T14:14:19.706Z');
INSERT INTO "quote_items" ("id", "quote_id", "description", "quantity", "unit_price_excluding_tax", "total_excluding_tax", "tax_rate", "tax_amount", "total_including_tax", "created_at", "updated_at") VALUES ('9f8ee540-c2d6-48b6-bc9e-329b13ad7df3', '6d234f5d-5589-4daf-a9db-5f42455b2df0', 'APPORT MATIÈRE ', '4.00', '0.00', '0.00', '20.00', '0.00', '0.00', '2026-01-07T14:14:19.728Z', '2026-01-07T14:14:19.728Z');
INSERT INTO "quote_items" ("id", "quote_id", "description", "quantity", "unit_price_excluding_tax", "total_excluding_tax", "tax_rate", "tax_amount", "total_including_tax", "created_at", "updated_at") VALUES ('6ca1d10b-3c77-4264-86a4-09a1202dac37', '6d234f5d-5589-4daf-a9db-5f42455b2df0', 'RENOVATION JANTE UNICOLOR 16,17,18 POUCE ', '4.00', '100.00', '400.00', '20.00', '80.00', '480.00', '2026-01-07T14:14:19.751Z', '2026-01-07T14:14:19.751Z');
INSERT INTO "quote_items" ("id", "quote_id", "description", "quantity", "unit_price_excluding_tax", "total_excluding_tax", "tax_rate", "tax_amount", "total_including_tax", "created_at", "updated_at") VALUES ('efaf0b8f-9ac2-436c-bd93-33386de95e4f', 'b31fa14e-e738-4a0e-8c27-3103a4097e41', 'DÉMONTAGE PNEUMATIQUE', '4.00', '0.00', '0.00', '20.00', '0.00', '0.00', '2026-01-07T14:17:39.323Z', '2026-01-07T14:17:39.323Z');
INSERT INTO "quote_items" ("id", "quote_id", "description", "quantity", "unit_price_excluding_tax", "total_excluding_tax", "tax_rate", "tax_amount", "total_including_tax", "created_at", "updated_at") VALUES ('4e13f7ad-3113-4cbf-b4be-1445a361fa7b', 'b31fa14e-e738-4a0e-8c27-3103a4097e41', 'SABLAGE', '4.00', '0.00', '0.00', '20.00', '0.00', '0.00', '2026-01-07T14:17:39.346Z', '2026-01-07T14:17:39.346Z');
INSERT INTO "quote_items" ("id", "quote_id", "description", "quantity", "unit_price_excluding_tax", "total_excluding_tax", "tax_rate", "tax_amount", "total_including_tax", "created_at", "updated_at") VALUES ('f6e0547e-a907-41bb-8115-8d62810ca53e', 'b31fa14e-e738-4a0e-8c27-3103a4097e41', 'APPORT MATIÈRE ', '4.00', '0.00', '0.00', '20.00', '0.00', '0.00', '2026-01-07T14:17:39.368Z', '2026-01-07T14:17:39.368Z');
INSERT INTO "quote_items" ("id", "quote_id", "description", "quantity", "unit_price_excluding_tax", "total_excluding_tax", "tax_rate", "tax_amount", "total_including_tax", "created_at", "updated_at") VALUES ('64868412-73f0-43e6-bfcc-d93cfb822977', 'b31fa14e-e738-4a0e-8c27-3103a4097e41', 'RENOVATION JANTE UNICOLOR 16,17,18 POUCE ', '4.00', '109.00', '436.00', '20.00', '87.20', '523.20', '2026-01-07T14:17:39.388Z', '2026-01-07T14:17:39.388Z');
INSERT INTO "quote_items" ("id", "quote_id", "description", "quantity", "unit_price_excluding_tax", "total_excluding_tax", "tax_rate", "tax_amount", "total_including_tax", "created_at", "updated_at") VALUES ('4d2c5f17-a9ed-415c-88da-c49fc15b2dd7', 'b31fa14e-e738-4a0e-8c27-3103a4097e41', 'MONTAGE PNEUS + EQUILIBRAGE', '4.00', '0.00', '0.00', '20.00', '0.00', '0.00', '2026-01-07T14:17:39.410Z', '2026-01-07T14:17:39.410Z');
INSERT INTO "quote_items" ("id", "quote_id", "description", "quantity", "unit_price_excluding_tax", "total_excluding_tax", "tax_rate", "tax_amount", "total_including_tax", "created_at", "updated_at") VALUES ('6ea8c550-b357-44d5-a031-912e3f2ccdc6', 'cbf4f27a-35cd-46e9-8a87-b3f65fa5fd73', 'RENOVATION JANTE BICOLORE 21 POUCE', '1.00', '139.00', '139.00', '20.00', '27.80', '166.80', '2026-01-08T07:48:42.546Z', '2026-01-08T07:48:42.546Z');
INSERT INTO "quote_items" ("id", "quote_id", "description", "quantity", "unit_price_excluding_tax", "total_excluding_tax", "tax_rate", "tax_amount", "total_including_tax", "created_at", "updated_at") VALUES ('7d82e8c9-f2ce-4a44-9485-e93507568ec2', '5a2c5594-fef8-4968-8156-f408cf92c070', 'SOUDURE', '1.00', '90.00', '90.00', '20.00', '18.00', '108.00', '2026-01-08T15:17:41.596Z', '2026-01-08T15:17:41.596Z');
INSERT INTO "quote_items" ("id", "quote_id", "description", "quantity", "unit_price_excluding_tax", "total_excluding_tax", "tax_rate", "tax_amount", "total_including_tax", "created_at", "updated_at") VALUES ('8d403d95-13a8-4f84-b04b-2463a81495ed', 'd824ae39-269a-4326-9861-640c1cc922c3', 'RENOVATION JANTE UNICOLOR 19,20,21', '1.00', '129.00', '129.00', '20.00', '25.80', '154.80', '2026-01-09T01:19:45.023Z', '2026-01-09T01:19:45.023Z');
INSERT INTO "quote_items" ("id", "quote_id", "description", "quantity", "unit_price_excluding_tax", "total_excluding_tax", "tax_rate", "tax_amount", "total_including_tax", "created_at", "updated_at") VALUES ('2f074709-fa96-41f0-9aa5-fee6083e8cd1', 'd824ae39-269a-4326-9861-640c1cc922c3', 'RENOVATION JANTE BICOLORE 19 POUCE', '1.00', '129.00', '129.00', '20.00', '25.80', '154.80', '2026-01-09T01:19:45.049Z', '2026-01-09T01:19:45.049Z');
INSERT INTO "quote_items" ("id", "quote_id", "description", "quantity", "unit_price_excluding_tax", "total_excluding_tax", "tax_rate", "tax_amount", "total_including_tax", "created_at", "updated_at") VALUES ('ced927fc-b4c5-4413-bcb1-73cf2300f34c', 'd824ae39-269a-4326-9861-640c1cc922c3', 'RENOVATION JANTE BICOLORE 17 POUCE ', '1.00', '119.00', '119.00', '20.00', '23.80', '142.80', '2026-01-09T01:19:45.072Z', '2026-01-09T01:19:45.072Z');
INSERT INTO "quote_items" ("id", "quote_id", "description", "quantity", "unit_price_excluding_tax", "total_excluding_tax", "tax_rate", "tax_amount", "total_including_tax", "created_at", "updated_at") VALUES ('6bc2e93a-c068-4110-a9bf-168ee0f0da43', 'd824ae39-269a-4326-9861-640c1cc922c3', 'MONTAGE PNEUS + EQUILIBRAGE', '1.00', '15.00', '15.00', '20.00', '3.00', '18.00', '2026-01-09T01:19:45.095Z', '2026-01-09T01:19:45.095Z');
INSERT INTO "quote_items" ("id", "quote_id", "description", "quantity", "unit_price_excluding_tax", "total_excluding_tax", "tax_rate", "tax_amount", "total_including_tax", "created_at", "updated_at") VALUES ('2a7901f9-a506-492e-85d3-9f02b247f91b', 'd824ae39-269a-4326-9861-640c1cc922c3', 'RENOVATION JANTE UNICOLOR 19,20,21', '1.00', '129.00', '129.00', '20.00', '25.80', '154.80', '2026-01-09T01:19:45.118Z', '2026-01-09T01:19:45.118Z');
INSERT INTO "quote_items" ("id", "quote_id", "description", "quantity", "unit_price_excluding_tax", "total_excluding_tax", "tax_rate", "tax_amount", "total_including_tax", "created_at", "updated_at") VALUES ('399c654d-5a2b-41eb-8621-47ce52e8e337', '747d7812-81f1-495a-8a06-087ab11a2020', 'RENOVATION JANTE BICOLORE 19 POUCE', '1.00', '107.50', '107.50', '20.00', '21.50', '129.00', '2026-01-09T08:29:19.022Z', '2026-01-09T08:29:19.022Z');
INSERT INTO "quote_items" ("id", "quote_id", "description", "quantity", "unit_price_excluding_tax", "total_excluding_tax", "tax_rate", "tax_amount", "total_including_tax", "created_at", "updated_at") VALUES ('c0420993-7e2e-4229-b885-6713c0ffe3ae', 'b9464228-9526-42d5-9602-54e9e63a1c89', 'Devoilage', '1.00', '100.00', '100.00', '20.00', '20.00', '120.00', '2026-01-09T12:37:14.739Z', '2026-01-09T12:37:14.739Z');
INSERT INTO "quote_items" ("id", "quote_id", "description", "quantity", "unit_price_excluding_tax", "total_excluding_tax", "tax_rate", "tax_amount", "total_including_tax", "created_at", "updated_at") VALUES ('5f55c358-bb7a-4b3c-ac8d-cefadfddd925', 'def187e1-071b-4d33-b203-e3b52fd646a5', 'RENOVATION JANTE UNICOLOR 19,20,21', '1.00', '107.50', '107.50', '20.00', '21.50', '129.00', '2026-01-09T14:23:04.538Z', '2026-01-09T14:23:04.538Z');
INSERT INTO "quote_items" ("id", "quote_id", "description", "quantity", "unit_price_excluding_tax", "total_excluding_tax", "tax_rate", "tax_amount", "total_including_tax", "created_at", "updated_at") VALUES ('be6acb6f-9984-461e-8b76-0bea5d253302', '0aed839f-1700-402a-906a-34c40e7b430c', 'DÉMONTAGE PNEUMATIQUE', '1.00', '0.00', '0.00', '20.00', '0.00', '0.00', '2026-01-09T14:25:27.372Z', '2026-01-09T14:25:27.372Z');
INSERT INTO "quote_items" ("id", "quote_id", "description", "quantity", "unit_price_excluding_tax", "total_excluding_tax", "tax_rate", "tax_amount", "total_including_tax", "created_at", "updated_at") VALUES ('eeb34890-7b65-452f-bcdb-834eba854ed2', '0aed839f-1700-402a-906a-34c40e7b430c', 'RENOVATION JANTE BICOLORE 21 POUCE', '2.00', '145.00', '290.00', '20.00', '58.00', '348.00', '2026-01-09T14:25:27.395Z', '2026-01-09T14:25:27.395Z');
INSERT INTO "quote_items" ("id", "quote_id", "description", "quantity", "unit_price_excluding_tax", "total_excluding_tax", "tax_rate", "tax_amount", "total_including_tax", "created_at", "updated_at") VALUES ('f386d190-3f78-4a59-b925-e2fefb2993df', 'bbce2b26-df43-4c63-b5ae-e701ed2a05eb', 'RENOVATION JANTE BICOLORE 19 POUCE', '1.00', '107.50', '107.50', '20.00', '21.50', '129.00', '2026-01-10T15:07:15.467Z', '2026-01-10T15:07:15.467Z');
INSERT INTO "quote_items" ("id", "quote_id", "description", "quantity", "unit_price_excluding_tax", "total_excluding_tax", "tax_rate", "tax_amount", "total_including_tax", "created_at", "updated_at") VALUES ('0a1cf17d-014d-4811-b8a1-079be95ed6b7', '2cd9e63f-9c10-43b0-902b-85ea36120f6e', 'DÉMONTAGE PNEUMATIQUE', '4.00', '0.00', '0.00', '20.00', '0.00', '0.00', '2026-01-11T18:04:54.818Z', '2026-01-11T18:04:54.818Z');
INSERT INTO "quote_items" ("id", "quote_id", "description", "quantity", "unit_price_excluding_tax", "total_excluding_tax", "tax_rate", "tax_amount", "total_including_tax", "created_at", "updated_at") VALUES ('e984fbb9-9472-4fc9-92c1-77da4317090b', '2cd9e63f-9c10-43b0-902b-85ea36120f6e', 'SABLAGE', '4.00', '0.00', '0.00', '20.00', '0.00', '0.00', '2026-01-11T18:04:54.845Z', '2026-01-11T18:04:54.845Z');
INSERT INTO "quote_items" ("id", "quote_id", "description", "quantity", "unit_price_excluding_tax", "total_excluding_tax", "tax_rate", "tax_amount", "total_including_tax", "created_at", "updated_at") VALUES ('384ceabe-cea1-4f4f-a4f8-f190de3619fd', '2cd9e63f-9c10-43b0-902b-85ea36120f6e', 'APPORT MATIÈRE ', '4.00', '0.00', '0.00', '20.00', '0.00', '0.00', '2026-01-11T18:04:54.869Z', '2026-01-11T18:04:54.869Z');
INSERT INTO "quote_items" ("id", "quote_id", "description", "quantity", "unit_price_excluding_tax", "total_excluding_tax", "tax_rate", "tax_amount", "total_including_tax", "created_at", "updated_at") VALUES ('29bad2f2-1175-476e-ac64-3560e23277ab', '2cd9e63f-9c10-43b0-902b-85ea36120f6e', 'RENOVATION JANTE BICOLORE 17 POUCE ', '4.00', '99.17', '396.68', '20.00', '79.34', '476.02', '2026-01-11T18:04:54.892Z', '2026-01-11T18:04:54.892Z');
INSERT INTO "quote_items" ("id", "quote_id", "description", "quantity", "unit_price_excluding_tax", "total_excluding_tax", "tax_rate", "tax_amount", "total_including_tax", "created_at", "updated_at") VALUES ('8f4e2086-cb6e-4623-9e57-ed738c684ea1', '9553f176-0a25-42b5-9662-a4471b474bb9', 'Devoilage', '1.00', '100.00', '100.00', '20.00', '20.00', '120.00', '2026-01-12T09:47:33.113Z', '2026-01-12T09:47:33.113Z');
INSERT INTO "quote_items" ("id", "quote_id", "description", "quantity", "unit_price_excluding_tax", "total_excluding_tax", "tax_rate", "tax_amount", "total_including_tax", "created_at", "updated_at") VALUES ('5952dd6f-f238-4a38-b171-5e035f9233e5', '54c99fae-e9f7-4b49-83ab-50a9dc44889a', 'DÉMONTAGE PNEUMATIQUE', '2.00', '0.00', '0.00', '20.00', '0.00', '0.00', '2026-01-12T12:07:31.576Z', '2026-01-12T12:07:31.576Z');
INSERT INTO "quote_items" ("id", "quote_id", "description", "quantity", "unit_price_excluding_tax", "total_excluding_tax", "tax_rate", "tax_amount", "total_including_tax", "created_at", "updated_at") VALUES ('691b4b27-6c08-4b12-ab91-df9a59f3898b', '54c99fae-e9f7-4b49-83ab-50a9dc44889a', 'APPORT MATIÈRE ', '2.00', '0.00', '0.00', '20.00', '0.00', '0.00', '2026-01-12T12:07:31.603Z', '2026-01-12T12:07:31.603Z');
INSERT INTO "quote_items" ("id", "quote_id", "description", "quantity", "unit_price_excluding_tax", "total_excluding_tax", "tax_rate", "tax_amount", "total_including_tax", "created_at", "updated_at") VALUES ('0437c61e-5091-4add-b945-10ac8cdbf3ad', '54c99fae-e9f7-4b49-83ab-50a9dc44889a', 'RENOVATION JANTE BICOLORE 20 POUCE', '2.00', '116.83', '233.66', '20.00', '46.73', '280.39', '2026-01-12T12:07:31.627Z', '2026-01-12T12:07:31.627Z');
INSERT INTO "quote_items" ("id", "quote_id", "description", "quantity", "unit_price_excluding_tax", "total_excluding_tax", "tax_rate", "tax_amount", "total_including_tax", "created_at", "updated_at") VALUES ('9fd41ee3-0e1f-44b8-9756-3f7515ac54fb', '41e32a5a-1041-4da6-8c1f-95fe7a713d94', 'RENOVATION JANTE UNICOLOR 19,20,21', '1.00', '107.50', '107.50', '20.00', '21.50', '129.00', '2026-01-12T13:46:48.671Z', '2026-01-12T13:46:48.671Z');
INSERT INTO "quote_items" ("id", "quote_id", "description", "quantity", "unit_price_excluding_tax", "total_excluding_tax", "tax_rate", "tax_amount", "total_including_tax", "created_at", "updated_at") VALUES ('4dfc149b-6ca3-4685-86cc-283da184c059', '41e32a5a-1041-4da6-8c1f-95fe7a713d94', 'APPORT MATIÈRE ', '1.00', '50.00', '50.00', '20.00', '10.00', '60.00', '2026-01-12T13:46:48.702Z', '2026-01-12T13:46:48.702Z');
INSERT INTO "quote_items" ("id", "quote_id", "description", "quantity", "unit_price_excluding_tax", "total_excluding_tax", "tax_rate", "tax_amount", "total_including_tax", "created_at", "updated_at") VALUES ('bd7e21f0-0bf0-45df-ad45-d2c539c145f2', 'a29046f0-7608-4a43-b675-172668506fde', 'DÉMONTAGE PNEUMATIQUE', '1.00', '0.00', '0.00', '20.00', '0.00', '0.00', '2026-01-12T13:47:28.679Z', '2026-01-12T13:47:28.679Z');
INSERT INTO "quote_items" ("id", "quote_id", "description", "quantity", "unit_price_excluding_tax", "total_excluding_tax", "tax_rate", "tax_amount", "total_including_tax", "created_at", "updated_at") VALUES ('bece3bdc-6110-47b8-8836-2a5139dad988', 'a29046f0-7608-4a43-b675-172668506fde', 'SOUDURE', '1.00', '125.00', '125.00', '20.00', '25.00', '150.00', '2026-01-12T13:47:28.704Z', '2026-01-12T13:47:28.704Z');
INSERT INTO "quote_items" ("id", "quote_id", "description", "quantity", "unit_price_excluding_tax", "total_excluding_tax", "tax_rate", "tax_amount", "total_including_tax", "created_at", "updated_at") VALUES ('1640fb5e-8d0e-4d97-8da7-d0173d880fb2', 'da326734-0edc-418b-bcf6-77e624abece1', 'DÉMONTAGE PNEUMATIQUE', '4.00', '0.00', '0.00', '20.00', '0.00', '0.00', '2026-01-12T14:34:25.816Z', '2026-01-12T14:34:25.816Z');
INSERT INTO "quote_items" ("id", "quote_id", "description", "quantity", "unit_price_excluding_tax", "total_excluding_tax", "tax_rate", "tax_amount", "total_including_tax", "created_at", "updated_at") VALUES ('7eb730a8-f913-4b59-aa7b-747e27406047', 'da326734-0edc-418b-bcf6-77e624abece1', 'Décapage ', '4.00', '0.00', '0.00', '20.00', '0.00', '0.00', '2026-01-12T14:34:25.843Z', '2026-01-12T14:34:25.843Z');
INSERT INTO "quote_items" ("id", "quote_id", "description", "quantity", "unit_price_excluding_tax", "total_excluding_tax", "tax_rate", "tax_amount", "total_including_tax", "created_at", "updated_at") VALUES ('ea0fb789-61aa-483c-b748-89e8670c4191', 'da326734-0edc-418b-bcf6-77e624abece1', 'Personnalisation Jante 900+ Or ', '4.00', '165.00', '660.00', '20.00', '132.00', '792.00', '2026-01-12T14:34:25.867Z', '2026-01-12T14:34:25.867Z');
INSERT INTO "quote_items" ("id", "quote_id", "description", "quantity", "unit_price_excluding_tax", "total_excluding_tax", "tax_rate", "tax_amount", "total_including_tax", "created_at", "updated_at") VALUES ('94ba581a-b8d2-4cf5-ba4a-fd5b504b87ab', 'e633803b-d4a3-403f-8514-3819c9d47bfb', 'DÉMONTAGE PNEUMATIQUE', '1.00', '0.00', '0.00', '20.00', '0.00', '0.00', '2026-01-12T14:40:22.880Z', '2026-01-12T14:40:22.880Z');
INSERT INTO "quote_items" ("id", "quote_id", "description", "quantity", "unit_price_excluding_tax", "total_excluding_tax", "tax_rate", "tax_amount", "total_including_tax", "created_at", "updated_at") VALUES ('1281e91c-f6af-49b9-a7b4-bc6a28a58a72', 'e633803b-d4a3-403f-8514-3819c9d47bfb', 'Usinage Diamanatge Jante', '1.00', '0.00', '0.00', '20.00', '0.00', '0.00', '2026-01-12T14:40:22.915Z', '2026-01-12T14:40:22.915Z');
INSERT INTO "quote_items" ("id", "quote_id", "description", "quantity", "unit_price_excluding_tax", "total_excluding_tax", "tax_rate", "tax_amount", "total_including_tax", "created_at", "updated_at") VALUES ('06662170-c7bd-44a0-ac9b-a0e108e795bd', 'e633803b-d4a3-403f-8514-3819c9d47bfb', 'Devoilage', '1.00', '0.00', '0.00', '20.00', '0.00', '0.00', '2026-01-12T14:40:22.938Z', '2026-01-12T14:40:22.938Z');
INSERT INTO "quote_items" ("id", "quote_id", "description", "quantity", "unit_price_excluding_tax", "total_excluding_tax", "tax_rate", "tax_amount", "total_including_tax", "created_at", "updated_at") VALUES ('f48efc40-0249-4da7-8eee-17c7c538f871', 'e633803b-d4a3-403f-8514-3819c9d47bfb', 'RENOVATION JANTE UNICOLOR 19,20,21', '1.00', '160.00', '160.00', '20.00', '32.00', '192.00', '2026-01-12T14:40:22.961Z', '2026-01-12T14:40:22.961Z');
INSERT INTO "quote_items" ("id", "quote_id", "description", "quantity", "unit_price_excluding_tax", "total_excluding_tax", "tax_rate", "tax_amount", "total_including_tax", "created_at", "updated_at") VALUES ('08e1c98f-3660-43d8-ab72-95844c6c5b78', '8cc1251e-d67f-4ec1-99a5-944857b6cc99', 'DÉMONTAGE PNEUMATIQUE', '4.00', '0.00', '0.00', '20.00', '0.00', '0.00', '2026-01-12T14:55:22.178Z', '2026-01-12T14:55:22.178Z');
INSERT INTO "quote_items" ("id", "quote_id", "description", "quantity", "unit_price_excluding_tax", "total_excluding_tax", "tax_rate", "tax_amount", "total_including_tax", "created_at", "updated_at") VALUES ('b453deba-4bee-4be0-b603-a5af21413ed7', '8cc1251e-d67f-4ec1-99a5-944857b6cc99', 'Décapage ', '4.00', '0.00', '0.00', '20.00', '0.00', '0.00', '2026-01-12T14:55:22.204Z', '2026-01-12T14:55:22.204Z');
INSERT INTO "quote_items" ("id", "quote_id", "description", "quantity", "unit_price_excluding_tax", "total_excluding_tax", "tax_rate", "tax_amount", "total_including_tax", "created_at", "updated_at") VALUES ('b5c7af5c-f1df-4cd4-a613-2ba56deb8d44', '8cc1251e-d67f-4ec1-99a5-944857b6cc99', 'APPORT MATIÈRE ', '4.00', '0.00', '0.00', '20.00', '0.00', '0.00', '2026-01-12T14:55:22.235Z', '2026-01-12T14:55:22.235Z');
INSERT INTO "quote_items" ("id", "quote_id", "description", "quantity", "unit_price_excluding_tax", "total_excluding_tax", "tax_rate", "tax_amount", "total_including_tax", "created_at", "updated_at") VALUES ('50e6ed84-e1e1-46a6-9358-f6e9917f763b', '8cc1251e-d67f-4ec1-99a5-944857b6cc99', 'Personnalisation Jante 900+ Or ', '4.00', '120.00', '480.00', '20.00', '96.00', '576.00', '2026-01-12T14:55:22.256Z', '2026-01-12T14:55:22.256Z');
INSERT INTO "quote_items" ("id", "quote_id", "description", "quantity", "unit_price_excluding_tax", "total_excluding_tax", "tax_rate", "tax_amount", "total_including_tax", "created_at", "updated_at") VALUES ('2981aad7-324f-4d8b-9094-798974c95600', '1188c6a9-869b-4831-a145-f310ef5c1106', 'DÉMONTAGE PNEUMATIQUE', '1.00', '0.00', '0.00', '20.00', '0.00', '0.00', '2026-01-12T18:05:44.596Z', '2026-01-12T18:05:44.596Z');
INSERT INTO "quote_items" ("id", "quote_id", "description", "quantity", "unit_price_excluding_tax", "total_excluding_tax", "tax_rate", "tax_amount", "total_including_tax", "created_at", "updated_at") VALUES ('a69f0a0b-1517-4731-860d-358b6c38df44', '1188c6a9-869b-4831-a145-f310ef5c1106', 'Décapage ', '1.00', '0.00', '0.00', '20.00', '0.00', '0.00', '2026-01-12T18:05:44.622Z', '2026-01-12T18:05:44.622Z');
INSERT INTO "quote_items" ("id", "quote_id", "description", "quantity", "unit_price_excluding_tax", "total_excluding_tax", "tax_rate", "tax_amount", "total_including_tax", "created_at", "updated_at") VALUES ('52c30006-d7d8-4eaa-b168-8f5500a146e3', '3fec6470-ea2a-497e-b6cd-6a15817250a8', 'DÉMONTAGE PNEUMATIQUE', '1.00', '0.00', '0.00', '20.00', '0.00', '0.00', '2026-01-12T18:10:45.828Z', '2026-01-12T18:10:45.828Z');
INSERT INTO "quote_items" ("id", "quote_id", "description", "quantity", "unit_price_excluding_tax", "total_excluding_tax", "tax_rate", "tax_amount", "total_including_tax", "created_at", "updated_at") VALUES ('b36080f7-a309-449c-8844-d85803a546d4', '3fec6470-ea2a-497e-b6cd-6a15817250a8', 'Décapage ', '1.00', '0.00', '0.00', '20.00', '0.00', '0.00', '2026-01-12T18:10:45.854Z', '2026-01-12T18:10:45.854Z');
INSERT INTO "quote_items" ("id", "quote_id", "description", "quantity", "unit_price_excluding_tax", "total_excluding_tax", "tax_rate", "tax_amount", "total_including_tax", "created_at", "updated_at") VALUES ('3e54eb75-e3dd-4471-a02b-8c364abdf9a4', '3fec6470-ea2a-497e-b6cd-6a15817250a8', 'APPORT MATIÈRE ', '1.00', '0.00', '0.00', '20.00', '0.00', '0.00', '2026-01-12T18:10:45.880Z', '2026-01-12T18:10:45.880Z');
INSERT INTO "quote_items" ("id", "quote_id", "description", "quantity", "unit_price_excluding_tax", "total_excluding_tax", "tax_rate", "tax_amount", "total_including_tax", "created_at", "updated_at") VALUES ('757d894c-9826-4d49-bdfe-7bc2bf4f8b52', '3fec6470-ea2a-497e-b6cd-6a15817250a8', 'RÉNOVATION JANTE UNICOLOR', '1.00', '107.50', '107.50', '20.00', '21.50', '129.00', '2026-01-12T18:10:45.902Z', '2026-01-12T18:10:45.902Z');
INSERT INTO "quote_items" ("id", "quote_id", "description", "quantity", "unit_price_excluding_tax", "total_excluding_tax", "tax_rate", "tax_amount", "total_including_tax", "created_at", "updated_at") VALUES ('67783dcb-7987-4cce-963f-a7303e737d40', '7497a0f1-6f8a-4e48-ac8e-edcb2cf70b05', 'DÉMONTAGE PNEUMATIQUE', '4.00', '0.00', '0.00', '20.00', '0.00', '0.00', '2026-01-13T06:02:04.814Z', '2026-01-13T06:02:04.814Z');
INSERT INTO "quote_items" ("id", "quote_id", "description", "quantity", "unit_price_excluding_tax", "total_excluding_tax", "tax_rate", "tax_amount", "total_including_tax", "created_at", "updated_at") VALUES ('77befd8a-1dff-4768-9301-2c7b73c529c6', '7497a0f1-6f8a-4e48-ac8e-edcb2cf70b05', 'Décapage ', '4.00', '0.00', '0.00', '20.00', '0.00', '0.00', '2026-01-13T06:02:04.839Z', '2026-01-13T06:02:04.839Z');
INSERT INTO "quote_items" ("id", "quote_id", "description", "quantity", "unit_price_excluding_tax", "total_excluding_tax", "tax_rate", "tax_amount", "total_including_tax", "created_at", "updated_at") VALUES ('2cb368ec-25fe-4e2b-8d1f-3ccb8fd5085b', '7497a0f1-6f8a-4e48-ac8e-edcb2cf70b05', 'APPORT MATIÈRE ', '4.00', '0.00', '0.00', '20.00', '0.00', '0.00', '2026-01-13T06:02:04.861Z', '2026-01-13T06:02:04.861Z');
INSERT INTO "quote_items" ("id", "quote_id", "description", "quantity", "unit_price_excluding_tax", "total_excluding_tax", "tax_rate", "tax_amount", "total_including_tax", "created_at", "updated_at") VALUES ('48d14fb6-adeb-4888-8aa1-06d10e557ff7', '7497a0f1-6f8a-4e48-ac8e-edcb2cf70b05', 'Usinage Diamantage Jante', '4.00', '0.00', '0.00', '20.00', '0.00', '0.00', '2026-01-13T06:02:04.883Z', '2026-01-13T06:02:04.883Z');
INSERT INTO "quote_items" ("id", "quote_id", "description", "quantity", "unit_price_excluding_tax", "total_excluding_tax", "tax_rate", "tax_amount", "total_including_tax", "created_at", "updated_at") VALUES ('ba38ac6c-bee3-4443-80a8-b0e0b18e5c14', '7497a0f1-6f8a-4e48-ac8e-edcb2cf70b05', 'Renovation Jante BiColor', '4.00', '119.00', '476.00', '20.00', '95.20', '571.20', '2026-01-13T06:02:04.906Z', '2026-01-13T06:02:04.906Z');
INSERT INTO "quote_items" ("id", "quote_id", "description", "quantity", "unit_price_excluding_tax", "total_excluding_tax", "tax_rate", "tax_amount", "total_including_tax", "created_at", "updated_at") VALUES ('106f9aee-adf6-4817-b789-3be2159636a1', 'e8d8a029-79a6-43ab-ad21-531bff872b45', 'DÉMONTAGE PNEUMATIQUE', '1.00', '0.00', '0.00', '20.00', '0.00', '0.00', '2026-01-13T09:16:36.366Z', '2026-01-13T09:16:36.366Z');
INSERT INTO "quote_items" ("id", "quote_id", "description", "quantity", "unit_price_excluding_tax", "total_excluding_tax", "tax_rate", "tax_amount", "total_including_tax", "created_at", "updated_at") VALUES ('2ebc6a25-6239-4587-85e9-d807ec9fbc89', 'e8d8a029-79a6-43ab-ad21-531bff872b45', 'Décapage ', '1.00', '0.00', '0.00', '20.00', '0.00', '0.00', '2026-01-13T09:16:36.393Z', '2026-01-13T09:16:36.393Z');
INSERT INTO "quote_items" ("id", "quote_id", "description", "quantity", "unit_price_excluding_tax", "total_excluding_tax", "tax_rate", "tax_amount", "total_including_tax", "created_at", "updated_at") VALUES ('e52ec537-4df4-44bd-972e-4421d742a5b8', 'e8d8a029-79a6-43ab-ad21-531bff872b45', 'APPORT MATIÈRE ', '1.00', '70.00', '70.00', '20.00', '14.00', '84.00', '2026-01-13T09:16:36.416Z', '2026-01-13T09:16:36.416Z');
INSERT INTO "quote_items" ("id", "quote_id", "description", "quantity", "unit_price_excluding_tax", "total_excluding_tax", "tax_rate", "tax_amount", "total_including_tax", "created_at", "updated_at") VALUES ('211cbd04-0374-4d01-a109-97d1ec4a4dcb', 'e8d8a029-79a6-43ab-ad21-531bff872b45', 'Usinage Diamantage Jante', '1.00', '0.00', '0.00', '20.00', '0.00', '0.00', '2026-01-13T09:16:36.440Z', '2026-01-13T09:16:36.440Z');
INSERT INTO "quote_items" ("id", "quote_id", "description", "quantity", "unit_price_excluding_tax", "total_excluding_tax", "tax_rate", "tax_amount", "total_including_tax", "created_at", "updated_at") VALUES ('765f199d-4971-4cb9-99cc-84f1c13dba63', 'e8d8a029-79a6-43ab-ad21-531bff872b45', 'Renovation Jante BiColor', '1.00', '99.00', '99.00', '20.00', '19.80', '118.80', '2026-01-13T09:16:36.464Z', '2026-01-13T09:16:36.464Z');
INSERT INTO "quote_items" ("id", "quote_id", "description", "quantity", "unit_price_excluding_tax", "total_excluding_tax", "tax_rate", "tax_amount", "total_including_tax", "created_at", "updated_at") VALUES ('fe929302-4617-461d-a04b-5308c029c51f', '5dc2cf37-794d-47a7-9cf1-b78b38f28c2b', 'Devoilage', '1.00', '75.00', '75.00', '20.00', '15.00', '90.00', '2026-01-13T09:46:19.308Z', '2026-01-13T09:46:19.308Z');
INSERT INTO "quote_items" ("id", "quote_id", "description", "quantity", "unit_price_excluding_tax", "total_excluding_tax", "tax_rate", "tax_amount", "total_including_tax", "created_at", "updated_at") VALUES ('a5644512-b530-4541-9b7e-3efd8c054714', '5dc2cf37-794d-47a7-9cf1-b78b38f28c2b', 'APPORT MATIÈRE ', '1.00', '50.00', '50.00', '20.00', '10.00', '60.00', '2026-01-13T09:46:19.333Z', '2026-01-13T09:46:19.333Z');
INSERT INTO "quote_items" ("id", "quote_id", "description", "quantity", "unit_price_excluding_tax", "total_excluding_tax", "tax_rate", "tax_amount", "total_including_tax", "created_at", "updated_at") VALUES ('218010e8-5045-489d-bc04-9819bbbc0d40', '5dc2cf37-794d-47a7-9cf1-b78b38f28c2b', 'SABLAGE', '1.00', '200.00', '200.00', '20.00', '40.00', '240.00', '2026-01-13T09:46:19.356Z', '2026-01-13T09:46:19.356Z');
INSERT INTO "quote_items" ("id", "quote_id", "description", "quantity", "unit_price_excluding_tax", "total_excluding_tax", "tax_rate", "tax_amount", "total_including_tax", "created_at", "updated_at") VALUES ('0da2652f-6e87-412c-a840-edf2fd686222', '70819ab9-9404-446d-99cb-151064112190', 'DÉMONTAGE PNEUMATIQUE', '1.00', '0.00', '0.00', '20.00', '0.00', '0.00', '2026-01-13T12:03:10.784Z', '2026-01-13T12:03:10.784Z');
INSERT INTO "quote_items" ("id", "quote_id", "description", "quantity", "unit_price_excluding_tax", "total_excluding_tax", "tax_rate", "tax_amount", "total_including_tax", "created_at", "updated_at") VALUES ('e84f19f2-e203-428d-b2f2-d855bbfadf1a', '70819ab9-9404-446d-99cb-151064112190', 'Décapage ', '1.00', '0.00', '0.00', '20.00', '0.00', '0.00', '2026-01-13T12:03:10.810Z', '2026-01-13T12:03:10.810Z');
INSERT INTO "quote_items" ("id", "quote_id", "description", "quantity", "unit_price_excluding_tax", "total_excluding_tax", "tax_rate", "tax_amount", "total_including_tax", "created_at", "updated_at") VALUES ('219eebbc-57b0-406d-8b6d-9337254bf2a0', '70819ab9-9404-446d-99cb-151064112190', 'Devoilage', '2.00', '100.00', '200.00', '20.00', '40.00', '240.00', '2026-01-13T12:03:10.832Z', '2026-01-13T12:03:10.832Z');
INSERT INTO "quote_items" ("id", "quote_id", "description", "quantity", "unit_price_excluding_tax", "total_excluding_tax", "tax_rate", "tax_amount", "total_including_tax", "created_at", "updated_at") VALUES ('8e902810-1c57-4969-afb9-0fc419cbb950', '70819ab9-9404-446d-99cb-151064112190', 'Contrôle Étanchéité ', '1.00', '0.00', '0.00', '20.00', '0.00', '0.00', '2026-01-13T12:03:10.854Z', '2026-01-13T12:03:10.854Z');
INSERT INTO "quote_items" ("id", "quote_id", "description", "quantity", "unit_price_excluding_tax", "total_excluding_tax", "tax_rate", "tax_amount", "total_including_tax", "created_at", "updated_at") VALUES ('fd2e421f-b205-445c-8d46-0e071edcfaaa', '70819ab9-9404-446d-99cb-151064112190', 'EQUILIBRAGE', '1.00', '0.00', '0.00', '20.00', '0.00', '0.00', '2026-01-13T12:03:10.876Z', '2026-01-13T12:03:10.876Z');
INSERT INTO "quote_items" ("id", "quote_id", "description", "quantity", "unit_price_excluding_tax", "total_excluding_tax", "tax_rate", "tax_amount", "total_including_tax", "created_at", "updated_at") VALUES ('a606028b-cc0e-43e5-aa6c-a06a101f7ee2', '03e398f9-4120-4787-8fce-d1fadcb9396f', 'Devoilage', '1.00', '100.00', '100.00', '20.00', '20.00', '120.00', '2026-01-13T12:46:51.966Z', '2026-01-13T12:46:51.966Z');
INSERT INTO "quote_items" ("id", "quote_id", "description", "quantity", "unit_price_excluding_tax", "total_excluding_tax", "tax_rate", "tax_amount", "total_including_tax", "created_at", "updated_at") VALUES ('a2640726-372d-4337-be8b-c4cdea548b11', '55525a54-81b8-4500-a98d-9b9a6d97092c', 'RENOVATION JANTE BICOLORE 19 POUCE', '2.00', '107.50', '215.00', '20.00', '43.00', '258.00', '2026-01-13T13:50:31.115Z', '2026-01-13T13:50:31.115Z');
INSERT INTO "quote_items" ("id", "quote_id", "description", "quantity", "unit_price_excluding_tax", "total_excluding_tax", "tax_rate", "tax_amount", "total_including_tax", "created_at", "updated_at") VALUES ('4e0753ab-b679-4dfc-b5a7-c37b4cb370b8', 'f50818a4-ee56-4826-9531-7a1dcd06dbdd', 'Renovation Jante BiColor', '1.00', '0.00', '0.00', '20.00', '0.00', '0.00', '2026-01-13T14:55:54.170Z', '2026-01-13T14:55:54.170Z');

-- Table: quote_media (70 rows)
DELETE FROM "quote_media";
INSERT INTO "quote_media" ("id", "quote_id", "file_type", "file_path", "file_name", "file_size", "created_at") VALUES ('0f3178f5-58e7-4a97-b65e-2b8ba9378085', 'd824ae39-269a-4326-9861-640c1cc922c3', 'image', '/uploads/1767921575673-19qf9j.jpg', '1000122435.jpg', NULL, '2026-01-09T01:19:44.947Z');
INSERT INTO "quote_media" ("id", "quote_id", "file_type", "file_path", "file_name", "file_size", "created_at") VALUES ('07134f10-ed9c-4e6a-9db3-097be3439703', 'd824ae39-269a-4326-9861-640c1cc922c3', 'image', '/uploads/1767921576585-rlqiaf.jpg', '1000122436.jpg', NULL, '2026-01-09T01:19:44.973Z');
INSERT INTO "quote_media" ("id", "quote_id", "file_type", "file_path", "file_name", "file_size", "created_at") VALUES ('15d7fd91-9523-4387-8f12-20977da74b5a', 'd824ae39-269a-4326-9861-640c1cc922c3', 'image', '/uploads/1767921577846-c0yp7.jpg', '1000122434.jpg', NULL, '2026-01-09T01:19:44.996Z');
INSERT INTO "quote_media" ("id", "quote_id", "file_type", "file_path", "file_name", "file_size", "created_at") VALUES ('c8433e36-4f2d-4898-a1bc-3f6ecde41968', '747d7812-81f1-495a-8a06-087ab11a2020', 'image', '/uploads/1767947256964-m00u79l.jpg', 'WIN_20260109_09_26_42_Pro.jpg', NULL, '2026-01-09T08:29:18.951Z');
INSERT INTO "quote_media" ("id", "quote_id", "file_type", "file_path", "file_name", "file_size", "created_at") VALUES ('772cb78f-7dbf-4fdc-8b72-64143a3409b9', '747d7812-81f1-495a-8a06-087ab11a2020', 'image', '/uploads/1767947264891-cp75se.jpg', 'WIN_20260109_09_26_48_Pro.jpg', NULL, '2026-01-09T08:29:18.978Z');
INSERT INTO "quote_media" ("id", "quote_id", "file_type", "file_path", "file_name", "file_size", "created_at") VALUES ('1fc545f2-aaa2-4948-8c9e-833b504e9349', '747d7812-81f1-495a-8a06-087ab11a2020', 'image', '/uploads/1767947272035-hggn83.jpg', 'WIN_20260109_09_26_54_Pro.jpg', NULL, '2026-01-09T08:29:18.999Z');
INSERT INTO "quote_media" ("id", "quote_id", "file_type", "file_path", "file_name", "file_size", "created_at") VALUES ('e8bf0ccd-ca04-4c84-b4d5-b04f8a1b1729', 'b9464228-9526-42d5-9602-54e9e63a1c89', 'image', '/uploads/1767962191646-k762il.jpg', 'WIN_20260109_13_36_02_Pro.jpg', NULL, '2026-01-09T12:37:14.669Z');
INSERT INTO "quote_media" ("id", "quote_id", "file_type", "file_path", "file_name", "file_size", "created_at") VALUES ('7f47dcd9-0a09-41ca-b3fa-1ff95c08ee34', 'b9464228-9526-42d5-9602-54e9e63a1c89', 'image', '/uploads/1767962201366-2ew3mc.jpg', 'WIN_20260109_13_35_55_Pro.jpg', NULL, '2026-01-09T12:37:14.695Z');
INSERT INTO "quote_media" ("id", "quote_id", "file_type", "file_path", "file_name", "file_size", "created_at") VALUES ('fdfedc0e-8c88-4123-b759-91c4d8c645ee', 'b9464228-9526-42d5-9602-54e9e63a1c89', 'image', '/uploads/1767962210991-xk5edt.jpg', 'WIN_20260109_13_35_25_Pro.jpg', NULL, '2026-01-09T12:37:14.717Z');
INSERT INTO "quote_media" ("id", "quote_id", "file_type", "file_path", "file_name", "file_size", "created_at") VALUES ('e6071770-fb0f-4555-86bb-a3c2ae64683d', 'def187e1-071b-4d33-b203-e3b52fd646a5', 'image', '/uploads/1767968581324-7b77y.jpg', '1000122496.jpg', NULL, '2026-01-09T14:23:04.468Z');
INSERT INTO "quote_media" ("id", "quote_id", "file_type", "file_path", "file_name", "file_size", "created_at") VALUES ('4e26d4f0-e6e1-4a82-98df-e88b6fdb3594', 'def187e1-071b-4d33-b203-e3b52fd646a5', 'image', '/uploads/1767968581890-805t5k.jpg', '1000122497.jpg', NULL, '2026-01-09T14:23:04.491Z');
INSERT INTO "quote_media" ("id", "quote_id", "file_type", "file_path", "file_name", "file_size", "created_at") VALUES ('2a262725-1200-4723-9adc-944f80f07b68', 'def187e1-071b-4d33-b203-e3b52fd646a5', 'image', '/uploads/1767968582382-jzzukf.jpg', '1000122498.jpg', NULL, '2026-01-09T14:23:04.516Z');
INSERT INTO "quote_media" ("id", "quote_id", "file_type", "file_path", "file_name", "file_size", "created_at") VALUES ('b0cd99b4-ba58-4c1a-8d47-9ac37119c49c', '0aed839f-1700-402a-906a-34c40e7b430c', 'image', '/uploads/1767968712321-0lic2v.png', 'IMG_4122.png', NULL, '2026-01-09T14:25:27.300Z');
INSERT INTO "quote_media" ("id", "quote_id", "file_type", "file_path", "file_name", "file_size", "created_at") VALUES ('cb67c35a-ec54-4636-a903-77a529fa0f00', '0aed839f-1700-402a-906a-34c40e7b430c', 'image', '/uploads/1767968721575-vkbw3c.png', 'IMG_4122.png', NULL, '2026-01-09T14:25:27.326Z');
INSERT INTO "quote_media" ("id", "quote_id", "file_type", "file_path", "file_name", "file_size", "created_at") VALUES ('f2f01506-0e13-46ed-bece-7a8d35674646', '0aed839f-1700-402a-906a-34c40e7b430c', 'image', '/uploads/1767968725672-se7v7v.png', 'IMG_4122.png', NULL, '2026-01-09T14:25:27.349Z');
INSERT INTO "quote_media" ("id", "quote_id", "file_type", "file_path", "file_name", "file_size", "created_at") VALUES ('63c24c31-2aa8-4a07-8337-1d9bc3818030', 'bbce2b26-df43-4c63-b5ae-e701ed2a05eb', 'image', '/uploads/1768057585568-gbjcwb.jpg', '1000122610.jpg', NULL, '2026-01-10T15:07:15.397Z');
INSERT INTO "quote_media" ("id", "quote_id", "file_type", "file_path", "file_name", "file_size", "created_at") VALUES ('f4c08385-8c75-4cd2-a26a-901d8c81504d', 'bbce2b26-df43-4c63-b5ae-e701ed2a05eb', 'image', '/uploads/1768057586772-0yep1c.jpg', '1000122609.jpg', NULL, '2026-01-10T15:07:15.423Z');
INSERT INTO "quote_media" ("id", "quote_id", "file_type", "file_path", "file_name", "file_size", "created_at") VALUES ('a7067b8c-cf42-484a-ae98-5a5a60a0bb4c', 'bbce2b26-df43-4c63-b5ae-e701ed2a05eb', 'image', '/uploads/1768057588211-5f9nqn.jpg', '1000122608.jpg', NULL, '2026-01-10T15:07:15.445Z');
INSERT INTO "quote_media" ("id", "quote_id", "file_type", "file_path", "file_name", "file_size", "created_at") VALUES ('4ff00a50-00b9-4a43-970b-5e27b04865cd', '2cd9e63f-9c10-43b0-902b-85ea36120f6e', 'image', '/uploads/1768154687952-mal448.png', 'IMG_4087.png', NULL, '2026-01-11T18:04:54.716Z');
INSERT INTO "quote_media" ("id", "quote_id", "file_type", "file_path", "file_name", "file_size", "created_at") VALUES ('94d40247-bff3-4797-a22a-90f6b44df662', '2cd9e63f-9c10-43b0-902b-85ea36120f6e', 'image', '/uploads/1768154688587-4xvk3e.png', 'IMG_4086.png', NULL, '2026-01-11T18:04:54.744Z');
INSERT INTO "quote_media" ("id", "quote_id", "file_type", "file_path", "file_name", "file_size", "created_at") VALUES ('ab04220d-a619-4ade-b03b-f7b5e7e1ead7', '2cd9e63f-9c10-43b0-902b-85ea36120f6e', 'image', '/uploads/1768154689616-ypk1h.png', 'IMG_4085.png', NULL, '2026-01-11T18:04:54.772Z');
INSERT INTO "quote_media" ("id", "quote_id", "file_type", "file_path", "file_name", "file_size", "created_at") VALUES ('a19d2a97-abb7-4483-8ea2-19e348e71d51', '2cd9e63f-9c10-43b0-902b-85ea36120f6e', 'image', '/uploads/1768154690428-d26rv.jpeg', 'IMG_4084.jpeg', NULL, '2026-01-11T18:04:54.795Z');
INSERT INTO "quote_media" ("id", "quote_id", "file_type", "file_path", "file_name", "file_size", "created_at") VALUES ('b9aea6ef-6625-426a-8bcc-3b43548aaa21', '9553f176-0a25-42b5-9662-a4471b474bb9', 'image', '/uploads/1768211206639-ibeizh.jpg', 'WIN_20260112_10_45_50_Pro.jpg', NULL, '2026-01-12T09:47:33.043Z');
INSERT INTO "quote_media" ("id", "quote_id", "file_type", "file_path", "file_name", "file_size", "created_at") VALUES ('cb0dce9e-73f0-4c55-9e8b-855d21cec729', '9553f176-0a25-42b5-9662-a4471b474bb9', 'image', '/uploads/1768211215280-fdfxyq.jpg', 'WIN_20260112_10_46_06_Pro.jpg', NULL, '2026-01-12T09:47:33.068Z');
INSERT INTO "quote_media" ("id", "quote_id", "file_type", "file_path", "file_name", "file_size", "created_at") VALUES ('2818fc04-8d1d-423b-87b9-bbe4634f72f7', '9553f176-0a25-42b5-9662-a4471b474bb9', 'image', '/uploads/1768211229618-k6i0pl.jpg', 'WIN_20260112_10_46_11_Pro.jpg', NULL, '2026-01-12T09:47:33.090Z');
INSERT INTO "quote_media" ("id", "quote_id", "file_type", "file_path", "file_name", "file_size", "created_at") VALUES ('2bee0899-ec8f-4569-a51e-cdf60b69ccaf', '54c99fae-e9f7-4b49-83ab-50a9dc44889a', 'image', '/uploads/1768219617778-b6axxd.jpeg', '7360052d-81b1-417f-9ac3-e1825b380b5a.jpeg', NULL, '2026-01-12T12:07:31.496Z');
INSERT INTO "quote_media" ("id", "quote_id", "file_type", "file_path", "file_name", "file_size", "created_at") VALUES ('f18b7a64-1678-485d-86c1-065b6f44e375', '54c99fae-e9f7-4b49-83ab-50a9dc44889a', 'image', '/uploads/1768219623190-sa1k8.jpeg', '7360052d-81b1-417f-9ac3-e1825b380b5a.jpeg', NULL, '2026-01-12T12:07:31.523Z');
INSERT INTO "quote_media" ("id", "quote_id", "file_type", "file_path", "file_name", "file_size", "created_at") VALUES ('9cb19774-c3ab-41d8-9fa3-eb5162b6cc7a', '54c99fae-e9f7-4b49-83ab-50a9dc44889a', 'image', '/uploads/1768219627679-m1evgw.jpeg', '7360052d-81b1-417f-9ac3-e1825b380b5a.jpeg', NULL, '2026-01-12T12:07:31.551Z');
INSERT INTO "quote_media" ("id", "quote_id", "file_type", "file_path", "file_name", "file_size", "created_at") VALUES ('be00e64c-daa7-439b-a750-90064aef0f1c', '41e32a5a-1041-4da6-8c1f-95fe7a713d94', 'image', '/uploads/1768225521778-jybi0n.jpg', 'WIN_20260112_14_45_13_Pro.jpg', NULL, '2026-01-12T13:46:48.577Z');
INSERT INTO "quote_media" ("id", "quote_id", "file_type", "file_path", "file_name", "file_size", "created_at") VALUES ('7d2e0b24-d516-425b-a7ac-acbc3e8717a2', '41e32a5a-1041-4da6-8c1f-95fe7a713d94', 'image', '/uploads/1768225528195-sx35ivc.jpg', 'WIN_20260112_14_45_13_Pro.jpg', NULL, '2026-01-12T13:46:48.625Z');
INSERT INTO "quote_media" ("id", "quote_id", "file_type", "file_path", "file_name", "file_size", "created_at") VALUES ('fb06fe3a-52cd-4dfb-8ce6-ab72a1f8a461', '41e32a5a-1041-4da6-8c1f-95fe7a713d94', 'image', '/uploads/1768225535337-lx2kfg.jpg', 'WIN_20260112_14_45_13_Pro.jpg', NULL, '2026-01-12T13:46:48.648Z');
INSERT INTO "quote_media" ("id", "quote_id", "file_type", "file_path", "file_name", "file_size", "created_at") VALUES ('8fe2fac8-adc9-4ae4-b55c-b254b58ebb56', 'a29046f0-7608-4a43-b675-172668506fde', 'image', '/uploads/1768225642564-eua52.jpeg', 'image1.jpeg', NULL, '2026-01-12T13:47:28.609Z');
INSERT INTO "quote_media" ("id", "quote_id", "file_type", "file_path", "file_name", "file_size", "created_at") VALUES ('82acb122-50a1-483f-a79e-400d96f6741c', 'a29046f0-7608-4a43-b675-172668506fde', 'image', '/uploads/1768225643245-sclyx8.jpeg', 'image0 (1).jpeg', NULL, '2026-01-12T13:47:28.633Z');
INSERT INTO "quote_media" ("id", "quote_id", "file_type", "file_path", "file_name", "file_size", "created_at") VALUES ('892fa795-cf76-456d-ad1a-069e7b49e485', 'a29046f0-7608-4a43-b675-172668506fde', 'image', '/uploads/1768225647158-25zdzv.jpeg', 'image1.jpeg', NULL, '2026-01-12T13:47:28.656Z');
INSERT INTO "quote_media" ("id", "quote_id", "file_type", "file_path", "file_name", "file_size", "created_at") VALUES ('cfa66f0a-4aa4-4f55-8f3f-38c86a016c8d', 'da326734-0edc-418b-bcf6-77e624abece1', 'image', '/uploads/1768228407696-fj3ioj.png', 'IMG_8726.png', NULL, '2026-01-12T14:34:25.742Z');
INSERT INTO "quote_media" ("id", "quote_id", "file_type", "file_path", "file_name", "file_size", "created_at") VALUES ('fbe78e3a-db3e-49a7-808a-0ff10d0b3069', 'da326734-0edc-418b-bcf6-77e624abece1', 'image', '/uploads/1768228451874-o22zm.jpg', 'image.jpg', NULL, '2026-01-12T14:34:25.770Z');
INSERT INTO "quote_media" ("id", "quote_id", "file_type", "file_path", "file_name", "file_size", "created_at") VALUES ('fb1e5a3a-f7ae-4352-abcb-b52bb7f43935', 'da326734-0edc-418b-bcf6-77e624abece1', 'image', '/uploads/1768228463193-u37tjl.jpg', 'image.jpg', NULL, '2026-01-12T14:34:25.793Z');
INSERT INTO "quote_media" ("id", "quote_id", "file_type", "file_path", "file_name", "file_size", "created_at") VALUES ('bea52bf8-7a30-48d4-bf19-b131d50054cf', 'e633803b-d4a3-403f-8514-3819c9d47bfb', 'image', '/uploads/1768228804639-3f7u2f.jpeg', 'IMG_0007.jpeg', NULL, '2026-01-12T14:40:22.805Z');
INSERT INTO "quote_media" ("id", "quote_id", "file_type", "file_path", "file_name", "file_size", "created_at") VALUES ('c75bb0b6-519d-4b12-82a6-cdfb4b2f3d92', 'e633803b-d4a3-403f-8514-3819c9d47bfb', 'image', '/uploads/1768228805557-yn123j.jpeg', 'IMG_0006.jpeg', NULL, '2026-01-12T14:40:22.833Z');
INSERT INTO "quote_media" ("id", "quote_id", "file_type", "file_path", "file_name", "file_size", "created_at") VALUES ('283d5ed2-d77d-4fdb-9db9-617eb61df7bd', 'e633803b-d4a3-403f-8514-3819c9d47bfb', 'image', '/uploads/1768228815043-u3ps2.jpeg', 'IMG_0006.jpeg', NULL, '2026-01-12T14:40:22.857Z');
INSERT INTO "quote_media" ("id", "quote_id", "file_type", "file_path", "file_name", "file_size", "created_at") VALUES ('aba22b9e-ae06-49ec-a9e9-8bec0c58e32a', '8cc1251e-d67f-4ec1-99a5-944857b6cc99', 'image', '/uploads/1768229715703-kdymnj.jpeg', '633CCEBE-F4E3-4DB6-8D30-9A1565906388.jpeg', NULL, '2026-01-12T14:55:22.107Z');
INSERT INTO "quote_media" ("id", "quote_id", "file_type", "file_path", "file_name", "file_size", "created_at") VALUES ('399ec192-e3ee-43b2-93ad-69bf0f32ac6b', '8cc1251e-d67f-4ec1-99a5-944857b6cc99', 'image', '/uploads/1768229716743-g91on5.jpeg', '2667EDC7-327E-47A6-8DA8-68CE8107D842.jpeg', NULL, '2026-01-12T14:55:22.134Z');
INSERT INTO "quote_media" ("id", "quote_id", "file_type", "file_path", "file_name", "file_size", "created_at") VALUES ('23a17506-e2fa-404a-b51a-2b748b1cb46a', '8cc1251e-d67f-4ec1-99a5-944857b6cc99', 'image', '/uploads/1768229720432-nql8of.jpeg', '90FF783F-832B-4483-B992-0FBC8FBF5086.jpeg', NULL, '2026-01-12T14:55:22.155Z');
INSERT INTO "quote_media" ("id", "quote_id", "file_type", "file_path", "file_name", "file_size", "created_at") VALUES ('f51a1a90-1086-43d7-ad22-66f50acd2efc', '1188c6a9-869b-4831-a145-f310ef5c1106', 'image', '/uploads/1768241018339-5rswld.png', 'IMG_4171.png', NULL, '2026-01-12T18:05:44.522Z');
INSERT INTO "quote_media" ("id", "quote_id", "file_type", "file_path", "file_name", "file_size", "created_at") VALUES ('43281ab5-b7ae-47b3-b7b3-2aacdc3f566f', '1188c6a9-869b-4831-a145-f310ef5c1106', 'image', '/uploads/1768241039939-w2fxti.png', 'IMG_4171.png', NULL, '2026-01-12T18:05:44.550Z');
INSERT INTO "quote_media" ("id", "quote_id", "file_type", "file_path", "file_name", "file_size", "created_at") VALUES ('9beeec78-edad-4172-a80d-1a5e5ca8b6a4', '1188c6a9-869b-4831-a145-f310ef5c1106', 'image', '/uploads/1768241059873-ypu1d.png', 'IMG_4171.png', NULL, '2026-01-12T18:05:44.573Z');
INSERT INTO "quote_media" ("id", "quote_id", "file_type", "file_path", "file_name", "file_size", "created_at") VALUES ('970548d3-a746-4ac5-aa4a-b4f16425d5bd', '3fec6470-ea2a-497e-b6cd-6a15817250a8', 'image', '/uploads/1768241395553-adeugrf.png', 'IMG_4171.png', NULL, '2026-01-12T18:10:45.753Z');
INSERT INTO "quote_media" ("id", "quote_id", "file_type", "file_path", "file_name", "file_size", "created_at") VALUES ('841b1d4e-4553-405f-8c52-b17a06067875', '3fec6470-ea2a-497e-b6cd-6a15817250a8', 'image', '/uploads/1768241418221-at7pv.png', 'IMG_4171.png', NULL, '2026-01-12T18:10:45.782Z');
INSERT INTO "quote_media" ("id", "quote_id", "file_type", "file_path", "file_name", "file_size", "created_at") VALUES ('495d8e55-a244-4b3b-8ae7-fd1f675e81c2', '3fec6470-ea2a-497e-b6cd-6a15817250a8', 'image', '/uploads/1768241441852-g9rhn.png', 'IMG_4171.png', NULL, '2026-01-12T18:10:45.805Z');
INSERT INTO "quote_media" ("id", "quote_id", "file_type", "file_path", "file_name", "file_size", "created_at") VALUES ('f78b98a9-c9ef-446a-acc1-af5f940f419b', '7497a0f1-6f8a-4e48-ac8e-edcb2cf70b05', 'image', '/uploads/1768284114979-p7w8lk.png', 'IMG_4174.png', NULL, '2026-01-13T06:02:04.744Z');
INSERT INTO "quote_media" ("id", "quote_id", "file_type", "file_path", "file_name", "file_size", "created_at") VALUES ('ee704a06-9632-48ef-8610-6708adaef239', '7497a0f1-6f8a-4e48-ac8e-edcb2cf70b05', 'image', '/uploads/1768284115818-d6imcp.png', 'IMG_4173.png', NULL, '2026-01-13T06:02:04.770Z');
INSERT INTO "quote_media" ("id", "quote_id", "file_type", "file_path", "file_name", "file_size", "created_at") VALUES ('cab287b8-9830-4d6e-bcae-1879dbdf0b41', '7497a0f1-6f8a-4e48-ac8e-edcb2cf70b05', 'image', '/uploads/1768284120264-533duk.png', 'IMG_4174.png', NULL, '2026-01-13T06:02:04.792Z');
INSERT INTO "quote_media" ("id", "quote_id", "file_type", "file_path", "file_name", "file_size", "created_at") VALUES ('97aea55d-c9d0-49f8-8b29-78030066da4c', 'e8d8a029-79a6-43ab-ad21-531bff872b45', 'image', '/uploads/1768295779528-fg57p9.jpeg', '15DF4DAE-3C7D-4DF3-AB7B-C26E8EC6F672.jpeg', NULL, '2026-01-13T09:16:36.293Z');
INSERT INTO "quote_media" ("id", "quote_id", "file_type", "file_path", "file_name", "file_size", "created_at") VALUES ('eafba97a-f052-49b2-85f0-08cdb2ad80ac', 'e8d8a029-79a6-43ab-ad21-531bff872b45', 'image', '/uploads/1768295784730-1yfe8m.jpeg', 'C2504852-502A-432A-8909-F473E2672D65.jpeg', NULL, '2026-01-13T09:16:36.321Z');
INSERT INTO "quote_media" ("id", "quote_id", "file_type", "file_path", "file_name", "file_size", "created_at") VALUES ('7e514b67-d4e8-460c-9608-fdf5b4e963fb', 'e8d8a029-79a6-43ab-ad21-531bff872b45', 'image', '/uploads/1768295788899-x3gnbt.jpeg', '4DF6F9CD-217E-44FB-BAE8-4488236CDF0E.jpeg', NULL, '2026-01-13T09:16:36.343Z');
INSERT INTO "quote_media" ("id", "quote_id", "file_type", "file_path", "file_name", "file_size", "created_at") VALUES ('70e5fd74-1f72-41e7-bdeb-641ed99dafdd', '5dc2cf37-794d-47a7-9cf1-b78b38f28c2b', 'image', '/uploads/1768297480124-ugj1bx.jpg', 'WIN_20260113_10_40_43_Pro.jpg', NULL, '2026-01-13T09:46:19.235Z');
INSERT INTO "quote_media" ("id", "quote_id", "file_type", "file_path", "file_name", "file_size", "created_at") VALUES ('7b1a091b-8a47-4368-91a8-06284d43d11e', '5dc2cf37-794d-47a7-9cf1-b78b38f28c2b', 'image', '/uploads/1768297488779-czo6mo.jpg', 'WIN_20260113_10_39_57_Pro.jpg', NULL, '2026-01-13T09:46:19.262Z');
INSERT INTO "quote_media" ("id", "quote_id", "file_type", "file_path", "file_name", "file_size", "created_at") VALUES ('d9ba507f-6192-42f7-bde7-8fa6c0352028', '5dc2cf37-794d-47a7-9cf1-b78b38f28c2b', 'image', '/uploads/1768297496181-95vlo1.jpg', 'WIN_20260113_10_39_48_Pro.jpg', NULL, '2026-01-13T09:46:19.283Z');
INSERT INTO "quote_media" ("id", "quote_id", "file_type", "file_path", "file_name", "file_size", "created_at") VALUES ('7d6da91e-8dc2-4524-a080-7a4ca2583bc0', '70819ab9-9404-446d-99cb-151064112190', 'image', '/uploads/1768305787670-wuclws.png', 'IMG_4181.png', NULL, '2026-01-13T12:03:10.713Z');
INSERT INTO "quote_media" ("id", "quote_id", "file_type", "file_path", "file_name", "file_size", "created_at") VALUES ('91e9b55e-33e5-406d-8872-d23eb66a71e9', '70819ab9-9404-446d-99cb-151064112190', 'image', '/uploads/1768305788206-2q0fik.png', 'IMG_4180.png', NULL, '2026-01-13T12:03:10.742Z');
INSERT INTO "quote_media" ("id", "quote_id", "file_type", "file_path", "file_name", "file_size", "created_at") VALUES ('9f6499fa-42be-4d44-bf42-8414c20cee31', '70819ab9-9404-446d-99cb-151064112190', 'image', '/uploads/1768305789161-lip7um.png', 'IMG_4179.png', NULL, '2026-01-13T12:03:10.763Z');
INSERT INTO "quote_media" ("id", "quote_id", "file_type", "file_path", "file_name", "file_size", "created_at") VALUES ('719bf5b8-f7be-49e3-ba5e-05732d9f1fd1', '03e398f9-4120-4787-8fce-d1fadcb9396f', 'image', '/uploads/1768308385950-4ckxd.jpg', 'WIN_20260113_13_43_55_Pro.jpg', NULL, '2026-01-13T12:46:51.894Z');
INSERT INTO "quote_media" ("id", "quote_id", "file_type", "file_path", "file_name", "file_size", "created_at") VALUES ('206c45cb-9d93-4dbe-8274-7262dd3efb45', '03e398f9-4120-4787-8fce-d1fadcb9396f', 'image', '/uploads/1768308392895-7jy7rd.jpg', 'WIN_20260113_13_43_44_Pro.jpg', NULL, '2026-01-13T12:46:51.923Z');
INSERT INTO "quote_media" ("id", "quote_id", "file_type", "file_path", "file_name", "file_size", "created_at") VALUES ('8cd8121b-bdd8-4004-95ae-3e70386fe17d', '03e398f9-4120-4787-8fce-d1fadcb9396f', 'image', '/uploads/1768308399510-ig16u.jpg', 'WIN_20260113_13_43_41_Pro.jpg', NULL, '2026-01-13T12:46:51.943Z');
INSERT INTO "quote_media" ("id", "quote_id", "file_type", "file_path", "file_name", "file_size", "created_at") VALUES ('af2462ce-9146-4e05-a449-ec4a6acf2b3a', '55525a54-81b8-4500-a98d-9b9a6d97092c', 'image', '/uploads/1768312189918-jh388x.jpg', 'WIN_20260113_14_46_33_Pro.jpg', NULL, '2026-01-13T13:50:31.042Z');
INSERT INTO "quote_media" ("id", "quote_id", "file_type", "file_path", "file_name", "file_size", "created_at") VALUES ('a63d3f19-fdd4-465e-aa1f-bc946ae2d1ce', '55525a54-81b8-4500-a98d-9b9a6d97092c', 'image', '/uploads/1768312197344-r5rz8j.jpg', 'WIN_20260113_14_46_18_Pro.jpg', NULL, '2026-01-13T13:50:31.070Z');
INSERT INTO "quote_media" ("id", "quote_id", "file_type", "file_path", "file_name", "file_size", "created_at") VALUES ('b6bd64d3-7ddb-4803-9c88-41c76206c486', '55525a54-81b8-4500-a98d-9b9a6d97092c', 'image', '/uploads/1768312206863-dynqgt.jpg', 'WIN_20260113_14_46_16_Pro.jpg', NULL, '2026-01-13T13:50:31.093Z');
INSERT INTO "quote_media" ("id", "quote_id", "file_type", "file_path", "file_name", "file_size", "created_at") VALUES ('4c5d7320-0abb-41e7-8f98-6ebaab906816', 'f50818a4-ee56-4826-9531-7a1dcd06dbdd', 'image', '/uploads/1768316142561-7mnuee.png', 'IMG_4181.png', NULL, '2026-01-13T14:55:54.095Z');
INSERT INTO "quote_media" ("id", "quote_id", "file_type", "file_path", "file_name", "file_size", "created_at") VALUES ('b32f61f8-c2f9-4646-88fe-c8ea5c590291', 'f50818a4-ee56-4826-9531-7a1dcd06dbdd', 'image', '/uploads/1768316143299-egiwdo.png', 'IMG_4180.png', NULL, '2026-01-13T14:55:54.122Z');
INSERT INTO "quote_media" ("id", "quote_id", "file_type", "file_path", "file_name", "file_size", "created_at") VALUES ('4cb1be38-7344-4340-a16d-a64b979acc2d', 'f50818a4-ee56-4826-9531-7a1dcd06dbdd', 'image', '/uploads/1768316144227-5arot7.png', 'IMG_4179.png', NULL, '2026-01-13T14:55:54.146Z');

-- Table: invoices (9 rows)
DELETE FROM "invoices";
INSERT INTO "invoices" ("id", "quote_id", "client_id", "invoice_number", "amount", "payment_method", "wheel_count", "diameter", "price_excluding_tax", "tax_rate", "tax_amount", "product_details", "status", "due_date", "paid_at", "notes", "created_at", "updated_at") VALUES ('bfdaa75c-9191-43c2-9ef8-17870db20f96', 'cbf4f27a-35cd-46e9-8a87-b3f65fa5fd73', '9b3a366c-50d1-47df-bd23-912addea26c4', 'VI-000002', '166.80', 'wire_transfer', 4, '19', '139.00', '20.00', '27.80', '', 'paid', '2026-02-07T00:00:00.000Z', NULL, '', '2026-01-08T07:49:02.114Z', '2026-01-08T07:49:25.647Z');
INSERT INTO "invoices" ("id", "quote_id", "client_id", "invoice_number", "amount", "payment_method", "wheel_count", "diameter", "price_excluding_tax", "tax_rate", "tax_amount", "product_details", "status", "due_date", "paid_at", "notes", "created_at", "updated_at") VALUES ('77a9f4ff-81da-4723-a819-e6f5285891e2', 'd824ae39-269a-4326-9861-640c1cc922c3', 'c8dab40b-f42d-4acf-a22d-b42f038c2e4f', 'VI-000004', '625.20', 'wire_transfer', 4, '19', '521.00', '20.00', '104.20', '', 'pending', '2026-02-08T00:00:00.000Z', NULL, '', '2026-01-09T01:20:39.986Z', '2026-01-09T01:20:39.986Z');
INSERT INTO "invoices" ("id", "quote_id", "client_id", "invoice_number", "amount", "payment_method", "wheel_count", "diameter", "price_excluding_tax", "tax_rate", "tax_amount", "product_details", "status", "due_date", "paid_at", "notes", "created_at", "updated_at") VALUES ('8a65f0d0-2f49-49c6-80a9-c105999d2305', 'b9464228-9526-42d5-9602-54e9e63a1c89', '69c31f37-e706-4562-923b-ba58ada566f7', 'CB-000002', '120.00', 'card', 1, '16', '100.00', '20.00', '20.00', '', 'pending', '2026-02-08T00:00:00.000Z', NULL, '', '2026-01-09T14:19:24.132Z', '2026-01-09T14:19:24.132Z');
INSERT INTO "invoices" ("id", "quote_id", "client_id", "invoice_number", "amount", "payment_method", "wheel_count", "diameter", "price_excluding_tax", "tax_rate", "tax_amount", "product_details", "status", "due_date", "paid_at", "notes", "created_at", "updated_at") VALUES ('89df3d5d-4c35-4199-95ae-85e1133e86bb', 'bbce2b26-df43-4c63-b5ae-e701ed2a05eb', '9b3a366c-50d1-47df-bd23-912addea26c4', 'VI-000006', '0.00', 'wire_transfer', 4, '19', '0.00', '20.00', '0.00', '', 'pending', '2026-02-09T00:00:00.000Z', NULL, '', '2026-01-10T15:08:15.567Z', '2026-01-13T06:59:06.077Z');
INSERT INTO "invoices" ("id", "quote_id", "client_id", "invoice_number", "amount", "payment_method", "wheel_count", "diameter", "price_excluding_tax", "tax_rate", "tax_amount", "product_details", "status", "due_date", "paid_at", "notes", "created_at", "updated_at") VALUES ('fea69bb2-79cf-4734-ba6d-4b1c0c89746f', '9553f176-0a25-42b5-9662-a4471b474bb9', '08905b9b-fe4c-4ccc-9dfc-85d28010b729', 'VI-000008', '120.00', 'wire_transfer', 1, '17', '100.00', '20.00', '20.00', '', 'paid', '2026-01-13T00:00:00.000Z', NULL, '', '2026-01-12T10:54:06.127Z', '2026-01-13T08:47:16.755Z');
INSERT INTO "invoices" ("id", "quote_id", "client_id", "invoice_number", "amount", "payment_method", "wheel_count", "diameter", "price_excluding_tax", "tax_rate", "tax_amount", "product_details", "status", "due_date", "paid_at", "notes", "created_at", "updated_at") VALUES ('6f866ef9-2042-4be4-a5a7-ea8a57158f01', '747d7812-81f1-495a-8a06-087ab11a2020', 'c06aee3e-0770-445f-ab09-10b6f14e5a2d', 'CB-000004', '129.00', 'card', 1, '19', '107.50', '20.00', '21.50', '', 'pending', '2026-01-13T00:00:00.000Z', NULL, '', '2026-01-13T16:01:09.063Z', '2026-01-13T16:01:09.063Z');
INSERT INTO "invoices" ("id", "quote_id", "client_id", "invoice_number", "amount", "payment_method", "wheel_count", "diameter", "price_excluding_tax", "tax_rate", "tax_amount", "product_details", "status", "due_date", "paid_at", "notes", "created_at", "updated_at") VALUES ('e0df1290-fc5b-4b30-a9f3-898901d7b3b9', '747d7812-81f1-495a-8a06-087ab11a2020', 'c06aee3e-0770-445f-ab09-10b6f14e5a2d', 'CB-000006', '129.00', 'card', 1, '19', '107.50', '20.00', '21.50', '', 'pending', '2026-01-13T00:00:00.000Z', NULL, '', '2026-01-13T16:02:13.695Z', '2026-01-13T16:02:13.695Z');
INSERT INTO "invoices" ("id", "quote_id", "client_id", "invoice_number", "amount", "payment_method", "wheel_count", "diameter", "price_excluding_tax", "tax_rate", "tax_amount", "product_details", "status", "due_date", "paid_at", "notes", "created_at", "updated_at") VALUES ('5e8c3edd-05bb-45c3-be00-e17b8534f7e2', NULL, 'b5453d69-9459-4edf-b3c1-e93291ec6271', 'VI-000012', '108.00', 'wire_transfer', 1, NULL, '90.00', '20.00', '18.00', NULL, 'pending', NULL, NULL, NULL, '2026-01-13T16:10:45.065Z', '2026-01-13T16:10:45.065Z');
INSERT INTO "invoices" ("id", "quote_id", "client_id", "invoice_number", "amount", "payment_method", "wheel_count", "diameter", "price_excluding_tax", "tax_rate", "tax_amount", "product_details", "status", "due_date", "paid_at", "notes", "created_at", "updated_at") VALUES ('0c77d1a0-8a26-491a-992a-2439ad687efd', '03e398f9-4120-4787-8fce-d1fadcb9396f', '7a7e3a20-dcba-4fcb-9f8d-64dfa13dc0b2', 'VI-000010', '120.00', 'wire_transfer', 1, '', '100.00', '20.00', '20.00', '', 'paid', '2026-01-13T00:00:00.000Z', NULL, '', '2026-01-13T15:35:51.958Z', '2026-01-13T16:11:02.602Z');

-- Table: invoice_items (12 rows)
DELETE FROM "invoice_items";
INSERT INTO "invoice_items" ("id", "invoice_id", "description", "quantity", "unit_price_excluding_tax", "total_excluding_tax", "tax_rate", "tax_amount", "total_including_tax", "created_at", "updated_at") VALUES ('cc84e066-cd52-4ac0-9f2d-9613e2005ff6', 'bfdaa75c-9191-43c2-9ef8-17870db20f96', 'RENOVATION JANTE BICOLORE 21 POUCE', '1.00', '139.00', '139.00', '20.00', '27.80', '166.80', '2026-01-08T07:49:02.163Z', '2026-01-08T07:49:02.163Z');
INSERT INTO "invoice_items" ("id", "invoice_id", "description", "quantity", "unit_price_excluding_tax", "total_excluding_tax", "tax_rate", "tax_amount", "total_including_tax", "created_at", "updated_at") VALUES ('158c9dc9-b75d-4011-baec-f3da4f9d3586', '77a9f4ff-81da-4723-a819-e6f5285891e2', 'RENOVATION JANTE UNICOLOR 19,20,21', '1.00', '129.00', '129.00', '20.00', '25.80', '154.80', '2026-01-09T01:20:40.033Z', '2026-01-09T01:20:40.033Z');
INSERT INTO "invoice_items" ("id", "invoice_id", "description", "quantity", "unit_price_excluding_tax", "total_excluding_tax", "tax_rate", "tax_amount", "total_including_tax", "created_at", "updated_at") VALUES ('8fd6bcfd-7877-47e9-9ef5-2df09091dd11', '77a9f4ff-81da-4723-a819-e6f5285891e2', 'RENOVATION JANTE BICOLORE 19 POUCE', '1.00', '129.00', '129.00', '20.00', '25.80', '154.80', '2026-01-09T01:20:40.067Z', '2026-01-09T01:20:40.067Z');
INSERT INTO "invoice_items" ("id", "invoice_id", "description", "quantity", "unit_price_excluding_tax", "total_excluding_tax", "tax_rate", "tax_amount", "total_including_tax", "created_at", "updated_at") VALUES ('2eab62fc-4dd4-46b5-8fcf-e87bde4b86c1', '77a9f4ff-81da-4723-a819-e6f5285891e2', 'RENOVATION JANTE BICOLORE 17 POUCE ', '1.00', '119.00', '119.00', '20.00', '23.80', '142.80', '2026-01-09T01:20:40.091Z', '2026-01-09T01:20:40.091Z');
INSERT INTO "invoice_items" ("id", "invoice_id", "description", "quantity", "unit_price_excluding_tax", "total_excluding_tax", "tax_rate", "tax_amount", "total_including_tax", "created_at", "updated_at") VALUES ('8ae077cd-c05d-4b65-b753-2286ab83ef19', '77a9f4ff-81da-4723-a819-e6f5285891e2', 'MONTAGE PNEUS + EQUILIBRAGE', '1.00', '15.00', '15.00', '20.00', '3.00', '18.00', '2026-01-09T01:20:40.125Z', '2026-01-09T01:20:40.125Z');
INSERT INTO "invoice_items" ("id", "invoice_id", "description", "quantity", "unit_price_excluding_tax", "total_excluding_tax", "tax_rate", "tax_amount", "total_including_tax", "created_at", "updated_at") VALUES ('1ecb4900-becd-4581-8e4b-9493447e55be', '77a9f4ff-81da-4723-a819-e6f5285891e2', 'RENOVATION JANTE UNICOLOR 19,20,21', '1.00', '129.00', '129.00', '20.00', '25.80', '154.80', '2026-01-09T01:20:40.163Z', '2026-01-09T01:20:40.163Z');
INSERT INTO "invoice_items" ("id", "invoice_id", "description", "quantity", "unit_price_excluding_tax", "total_excluding_tax", "tax_rate", "tax_amount", "total_including_tax", "created_at", "updated_at") VALUES ('809a1cff-75d2-478a-9dda-074f799f9287', '8a65f0d0-2f49-49c6-80a9-c105999d2305', 'Devoilage', '1.00', '100.00', '100.00', '20.00', '20.00', '120.00', '2026-01-09T14:19:24.186Z', '2026-01-09T14:19:24.186Z');
INSERT INTO "invoice_items" ("id", "invoice_id", "description", "quantity", "unit_price_excluding_tax", "total_excluding_tax", "tax_rate", "tax_amount", "total_including_tax", "created_at", "updated_at") VALUES ('463b722b-c347-4623-83fe-3d96032a27c5', 'fea69bb2-79cf-4734-ba6d-4b1c0c89746f', 'Devoilage', '1.00', '100.00', '100.00', '20.00', '20.00', '120.00', '2026-01-12T10:54:06.188Z', '2026-01-12T10:54:06.188Z');
INSERT INTO "invoice_items" ("id", "invoice_id", "description", "quantity", "unit_price_excluding_tax", "total_excluding_tax", "tax_rate", "tax_amount", "total_including_tax", "created_at", "updated_at") VALUES ('b01b0e79-97cc-4d26-8009-201c4fc05a38', '0c77d1a0-8a26-491a-992a-2439ad687efd', 'Devoilage', '1.00', '100.00', '100.00', '20.00', '20.00', '120.00', '2026-01-13T15:35:52.016Z', '2026-01-13T15:35:52.016Z');
INSERT INTO "invoice_items" ("id", "invoice_id", "description", "quantity", "unit_price_excluding_tax", "total_excluding_tax", "tax_rate", "tax_amount", "total_including_tax", "created_at", "updated_at") VALUES ('c07e5e04-7dfa-47b4-b9f0-a5000c08923f', '6f866ef9-2042-4be4-a5a7-ea8a57158f01', 'RENOVATION JANTE BICOLORE 19 POUCE', '1.00', '107.50', '107.50', '20.00', '21.50', '129.00', '2026-01-13T16:01:09.131Z', '2026-01-13T16:01:09.131Z');
INSERT INTO "invoice_items" ("id", "invoice_id", "description", "quantity", "unit_price_excluding_tax", "total_excluding_tax", "tax_rate", "tax_amount", "total_including_tax", "created_at", "updated_at") VALUES ('dcd3b3f2-9515-47da-be2d-cc5978d2fda7', 'e0df1290-fc5b-4b30-a9f3-898901d7b3b9', 'RENOVATION JANTE BICOLORE 19 POUCE', '1.00', '107.50', '107.50', '20.00', '21.50', '129.00', '2026-01-13T16:02:13.753Z', '2026-01-13T16:02:13.753Z');
INSERT INTO "invoice_items" ("id", "invoice_id", "description", "quantity", "unit_price_excluding_tax", "total_excluding_tax", "tax_rate", "tax_amount", "total_including_tax", "created_at", "updated_at") VALUES ('29d18467-cb15-41e5-9bb0-03743786f594', '5e8c3edd-05bb-45c3-be00-e17b8534f7e2', 'Renovation Jante BiColor', '1.00', '90.00', '90.00', '20.00', '18.00', '108.00', '2026-01-13T16:10:45.093Z', '2026-01-13T16:10:45.093Z');

-- Table: invoice_media (24 rows)
DELETE FROM "invoice_media";
INSERT INTO "invoice_media" ("id", "invoice_id", "file_type", "file_path", "file_name", "file_size", "created_at") VALUES ('cdf9e53c-4331-413a-8a06-4e7af902c217', '77a9f4ff-81da-4723-a819-e6f5285891e2', 'image', '/uploads/1767921633079-0jrk7.jpg', '1000122419.jpg', NULL, '2026-01-09T01:20:40.202Z');
INSERT INTO "invoice_media" ("id", "invoice_id", "file_type", "file_path", "file_name", "file_size", "created_at") VALUES ('54e81860-249e-45e2-b0d0-5e3a84630775', '77a9f4ff-81da-4723-a819-e6f5285891e2', 'image', '/uploads/1767921635404-ry49cm.jpg', '1000122415.jpg', NULL, '2026-01-09T01:20:40.231Z');
INSERT INTO "invoice_media" ("id", "invoice_id", "file_type", "file_path", "file_name", "file_size", "created_at") VALUES ('56d18e78-8e81-4a59-8efd-1eec2619113b', '77a9f4ff-81da-4723-a819-e6f5285891e2', 'image', '/uploads/1767921637458-8yhtk.jpg', '1000122412.jpg', NULL, '2026-01-09T01:20:40.257Z');
INSERT INTO "invoice_media" ("id", "invoice_id", "file_type", "file_path", "file_name", "file_size", "created_at") VALUES ('b0d6e1f0-33da-443c-a1f9-8c9ae1cbfbbe', '8a65f0d0-2f49-49c6-80a9-c105999d2305', 'image', '/uploads/1767968345149-iuxsc9.jpg', 'WIN_20260109_13_36_02_Pro.jpg', NULL, '2026-01-09T14:19:24.223Z');
INSERT INTO "invoice_media" ("id", "invoice_id", "file_type", "file_path", "file_name", "file_size", "created_at") VALUES ('773d5fc0-054b-4445-be23-38c6a22e8dd6', '8a65f0d0-2f49-49c6-80a9-c105999d2305', 'image', '/uploads/1767968353091-01yzdf.jpg', 'WIN_20260109_13_35_55_Pro.jpg', NULL, '2026-01-09T14:19:24.247Z');
INSERT INTO "invoice_media" ("id", "invoice_id", "file_type", "file_path", "file_name", "file_size", "created_at") VALUES ('a927a11d-42c1-4ebb-a07e-a30768c9cfe4', '8a65f0d0-2f49-49c6-80a9-c105999d2305', 'image', '/uploads/1767968361909-tx73im.jpg', 'WIN_20260109_13_35_25_Pro.jpg', NULL, '2026-01-09T14:19:24.269Z');
INSERT INTO "invoice_media" ("id", "invoice_id", "file_type", "file_path", "file_name", "file_size", "created_at") VALUES ('4fb0a8e6-4523-4b7d-a00a-369d4cb8411e', '89df3d5d-4c35-4199-95ae-85e1133e86bb', 'image', '/uploads/1768057691422-e9hxs9.jpg', '1000122609.jpg', NULL, '2026-01-10T15:08:15.643Z');
INSERT INTO "invoice_media" ("id", "invoice_id", "file_type", "file_path", "file_name", "file_size", "created_at") VALUES ('900881ad-855f-4445-88aa-20e13745ac92', '89df3d5d-4c35-4199-95ae-85e1133e86bb', 'image', '/uploads/1768057692573-qux9vm.jpg', '1000122610.jpg', NULL, '2026-01-10T15:08:15.668Z');
INSERT INTO "invoice_media" ("id", "invoice_id", "file_type", "file_path", "file_name", "file_size", "created_at") VALUES ('fa029d00-68ad-4106-80dc-ce09c1c990f0', '89df3d5d-4c35-4199-95ae-85e1133e86bb', 'image', '/uploads/1768057693611-tz666n.jpg', '1000122608.jpg', NULL, '2026-01-10T15:08:15.691Z');
INSERT INTO "invoice_media" ("id", "invoice_id", "file_type", "file_path", "file_name", "file_size", "created_at") VALUES ('ed831c29-dd6d-4494-a7d3-01468cc4af4c', 'fea69bb2-79cf-4734-ba6d-4b1c0c89746f', 'image', '/uploads/1768215227216-i3ny2n.jpg', 'WIN_20260112_11_52_07_Pro.jpg', NULL, '2026-01-12T10:54:06.220Z');
INSERT INTO "invoice_media" ("id", "invoice_id", "file_type", "file_path", "file_name", "file_size", "created_at") VALUES ('496cfdf5-2e9b-4e1f-af01-7e180b0cde60', 'fea69bb2-79cf-4734-ba6d-4b1c0c89746f', 'image', '/uploads/1768215235914-9me0rq.jpg', 'WIN_20260112_11_52_22_Pro.jpg', NULL, '2026-01-12T10:54:06.248Z');
INSERT INTO "invoice_media" ("id", "invoice_id", "file_type", "file_path", "file_name", "file_size", "created_at") VALUES ('1f4ddbb7-ecde-4508-b59f-bce30d6ae505', 'fea69bb2-79cf-4734-ba6d-4b1c0c89746f', 'image', '/uploads/1768215242215-ouit5.jpg', 'WIN_20260112_11_52_26_Pro.jpg', NULL, '2026-01-12T10:54:06.272Z');
INSERT INTO "invoice_media" ("id", "invoice_id", "file_type", "file_path", "file_name", "file_size", "created_at") VALUES ('8613292a-c4b7-4d64-962a-4f358e6ec424', '0c77d1a0-8a26-491a-992a-2439ad687efd', 'image', '/uploads/1768318508102-1adtnl.jpg', 'image.jpg', NULL, '2026-01-13T15:35:52.044Z');
INSERT INTO "invoice_media" ("id", "invoice_id", "file_type", "file_path", "file_name", "file_size", "created_at") VALUES ('401b7778-e87c-4609-b18b-0f91e527c8aa', '0c77d1a0-8a26-491a-992a-2439ad687efd', 'image', '/uploads/1768318538166-1ks9ts.jpg', 'image.jpg', NULL, '2026-01-13T15:35:52.071Z');
INSERT INTO "invoice_media" ("id", "invoice_id", "file_type", "file_path", "file_name", "file_size", "created_at") VALUES ('850a5193-27c6-48c4-b0ba-4ced220bb688', '0c77d1a0-8a26-491a-992a-2439ad687efd', 'image', '/uploads/1768318547850-drzjq.jpg', 'image.jpg', NULL, '2026-01-13T15:35:52.094Z');
INSERT INTO "invoice_media" ("id", "invoice_id", "file_type", "file_path", "file_name", "file_size", "created_at") VALUES ('31bfbe52-224d-4434-8a45-1b5c4bbbc603', '6f866ef9-2042-4be4-a5a7-ea8a57158f01', 'image', '/uploads/1768318707837-gjuzh.jpg', 'image.jpg', NULL, '2026-01-13T16:01:09.158Z');
INSERT INTO "invoice_media" ("id", "invoice_id", "file_type", "file_path", "file_name", "file_size", "created_at") VALUES ('f8dcfed7-6736-4f33-8729-27882246c79d', '6f866ef9-2042-4be4-a5a7-ea8a57158f01', 'image', '/uploads/1768318719787-21544d.jpg', 'image.jpg', NULL, '2026-01-13T16:01:09.183Z');
INSERT INTO "invoice_media" ("id", "invoice_id", "file_type", "file_path", "file_name", "file_size", "created_at") VALUES ('80da9ba3-a6fe-4a1f-bf4c-31f4b6506465', '6f866ef9-2042-4be4-a5a7-ea8a57158f01', 'image', '/uploads/1768320066082-woh0y2h.jpg', 'image.jpg', NULL, '2026-01-13T16:01:09.206Z');
INSERT INTO "invoice_media" ("id", "invoice_id", "file_type", "file_path", "file_name", "file_size", "created_at") VALUES ('2e191d04-10de-422c-bb86-fbf3545adda1', 'e0df1290-fc5b-4b30-a9f3-898901d7b3b9', 'image', '/uploads/1768320119777-g441gg.jpg', 'image.jpg', NULL, '2026-01-13T16:02:13.776Z');
INSERT INTO "invoice_media" ("id", "invoice_id", "file_type", "file_path", "file_name", "file_size", "created_at") VALUES ('1d3abcb8-263a-476c-891d-e28ba6f0df01', 'e0df1290-fc5b-4b30-a9f3-898901d7b3b9', 'image', '/uploads/1768320124707-ykv3lo.jpg', 'image.jpg', NULL, '2026-01-13T16:02:13.798Z');
INSERT INTO "invoice_media" ("id", "invoice_id", "file_type", "file_path", "file_name", "file_size", "created_at") VALUES ('e944bdff-8711-48b3-977c-f6a896d25b9e', 'e0df1290-fc5b-4b30-a9f3-898901d7b3b9', 'image', '/uploads/1768320129398-exlpap.jpg', 'image.jpg', NULL, '2026-01-13T16:02:13.820Z');
INSERT INTO "invoice_media" ("id", "invoice_id", "file_type", "file_path", "file_name", "file_size", "created_at") VALUES ('ac80d1cd-8bb7-4f04-a459-4e3da39a77f7', '5e8c3edd-05bb-45c3-be00-e17b8534f7e2', 'image', '/uploads/1768320611647-yz8wk.jpeg', '08de2d1e-43b8-4ea4-a14e-274d5da00ca5.jpeg', NULL, '2026-01-13T16:10:45.119Z');
INSERT INTO "invoice_media" ("id", "invoice_id", "file_type", "file_path", "file_name", "file_size", "created_at") VALUES ('bbc12c94-0383-4643-9b6a-5f233c2748f8', '5e8c3edd-05bb-45c3-be00-e17b8534f7e2', 'image', '/uploads/1768320619097-4s7lu8.jpeg', '08de2d1e-43b8-4ea4-a14e-274d5da00ca5.jpeg', NULL, '2026-01-13T16:10:45.144Z');
INSERT INTO "invoice_media" ("id", "invoice_id", "file_type", "file_path", "file_name", "file_size", "created_at") VALUES ('3aa9d30a-3875-4282-841d-2fc73e560dbe', '5e8c3edd-05bb-45c3-be00-e17b8534f7e2', 'image', '/uploads/1768320640988-sfg4m.jpeg', '08de2d1e-43b8-4ea4-a14e-274d5da00ca5.jpeg', NULL, '2026-01-13T16:10:45.167Z');

-- Table: reservations (6 rows)
DELETE FROM "reservations";
INSERT INTO "reservations" ("id", "quote_id", "client_id", "service_id", "assigned_employee_id", "scheduled_date", "estimated_end_date", "wheel_count", "diameter", "price_excluding_tax", "tax_rate", "tax_amount", "product_details", "status", "notes", "created_at", "updated_at") VALUES ('db44508e-0d59-4ced-a90d-4858751157d3', '5a2c5594-fef8-4968-8156-f408cf92c070', '7958b339-5899-4bc6-aa93-5398e20644cc', '5b6a6364-46fd-4d08-bc0d-1a75502dd778', NULL, '2026-01-08T00:00:00.000Z', NULL, NULL, NULL, NULL, NULL, NULL, NULL, 'cancelled', '1 SOUDURE', '2026-01-08T15:18:43.639Z', '2026-01-09T08:31:52.803Z');
INSERT INTO "reservations" ("id", "quote_id", "client_id", "service_id", "assigned_employee_id", "scheduled_date", "estimated_end_date", "wheel_count", "diameter", "price_excluding_tax", "tax_rate", "tax_amount", "product_details", "status", "notes", "created_at", "updated_at") VALUES ('39076d31-4e6d-4214-a958-826b0b4f69a6', 'b9464228-9526-42d5-9602-54e9e63a1c89', '69c31f37-e706-4562-923b-ba58ada566f7', 'b777280e-1b49-42f4-9c9d-e36f7be48b65', NULL, '2026-01-09T00:00:00.000Z', NULL, NULL, NULL, NULL, NULL, NULL, NULL, 'confirmed', '', '2026-01-09T12:38:01.642Z', '2026-01-09T12:38:01.642Z');
INSERT INTO "reservations" ("id", "quote_id", "client_id", "service_id", "assigned_employee_id", "scheduled_date", "estimated_end_date", "wheel_count", "diameter", "price_excluding_tax", "tax_rate", "tax_amount", "product_details", "status", "notes", "created_at", "updated_at") VALUES ('d780fe2d-8e07-425b-9b45-d7356eff6aa1', '747d7812-81f1-495a-8a06-087ab11a2020', 'c06aee3e-0770-445f-ab09-10b6f14e5a2d', 'b5b8b2d8-e24d-487e-aabe-fbbadb8a335b', '311990cb-9c44-4631-a4b2-a2c6377a7861', '2026-01-13T09:00:00.000Z', '2026-01-13T17:30:00.000Z', 1, NULL, NULL, '20.00', NULL, NULL, 'confirmed', '1 JANTE AVD ', '2026-01-09T08:30:36.751Z', '2026-01-11T12:14:00.033Z');
INSERT INTO "reservations" ("id", "quote_id", "client_id", "service_id", "assigned_employee_id", "scheduled_date", "estimated_end_date", "wheel_count", "diameter", "price_excluding_tax", "tax_rate", "tax_amount", "product_details", "status", "notes", "created_at", "updated_at") VALUES ('ba2d42c2-65e9-4192-a41e-2d602f232188', '2cd9e63f-9c10-43b0-902b-85ea36120f6e', '6ede2a08-1878-4793-b034-f0ee6185db7d', 'cea2cf07-7a40-45b8-9ad0-79117848ba1f', NULL, '2026-01-19T00:00:00.000Z', NULL, NULL, NULL, NULL, NULL, NULL, NULL, 'cancelled', '', '2026-01-11T18:12:16.830Z', '2026-01-12T14:45:32.526Z');
INSERT INTO "reservations" ("id", "quote_id", "client_id", "service_id", "assigned_employee_id", "scheduled_date", "estimated_end_date", "wheel_count", "diameter", "price_excluding_tax", "tax_rate", "tax_amount", "product_details", "status", "notes", "created_at", "updated_at") VALUES ('b3b9ba1b-258b-445a-91ec-c05c7352ee8a', '5dc2cf37-794d-47a7-9cf1-b78b38f28c2b', '57d0f2b0-eb52-4959-867f-815570b1a598', 'b777280e-1b49-42f4-9c9d-e36f7be48b65', NULL, '2026-01-13T11:00:00.000Z', '2026-01-16T17:00:00.000Z', NULL, NULL, NULL, NULL, NULL, NULL, 'confirmed', '', '2026-01-13T09:47:18.288Z', '2026-01-13T09:47:18.288Z');
INSERT INTO "reservations" ("id", "quote_id", "client_id", "service_id", "assigned_employee_id", "scheduled_date", "estimated_end_date", "wheel_count", "diameter", "price_excluding_tax", "tax_rate", "tax_amount", "product_details", "status", "notes", "created_at", "updated_at") VALUES ('c5c5baa7-6598-4e4b-8bb9-703534106b9b', '03e398f9-4120-4787-8fce-d1fadcb9396f', '7a7e3a20-dcba-4fcb-9f8d-64dfa13dc0b2', 'b777280e-1b49-42f4-9c9d-e36f7be48b65', NULL, '2026-01-13T14:00:00.000Z', '2026-01-14T17:00:00.000Z', NULL, NULL, NULL, NULL, NULL, NULL, 'confirmed', '', '2026-01-13T12:47:34.855Z', '2026-01-13T12:47:34.855Z');

-- Table: reservation_services (2 rows)
DELETE FROM "reservation_services";
INSERT INTO "reservation_services" ("id", "reservation_id", "service_id", "quantity", "price_excluding_tax", "notes", "created_at") VALUES ('d7825c77-519a-4714-9440-f58cada5510e', 'e8096b7a-bd91-4467-80cf-578b5534adf5', 'fb080acb-685a-426f-9989-33a2191cabff', 1, NULL, NULL, '2026-01-09T16:21:17.319Z');
INSERT INTO "reservation_services" ("id", "reservation_id", "service_id", "quantity", "price_excluding_tax", "notes", "created_at") VALUES ('28f37a49-1954-44a3-acc1-0af8c227a1a7', 'e8096b7a-bd91-4467-80cf-578b5534adf5', '0132311d-0ab7-4673-b0fa-cfe51a44fc6e', 1, NULL, NULL, '2026-01-09T16:21:17.319Z');

-- Table: notifications (92 rows)
DELETE FROM "notifications";
INSERT INTO "notifications" ("id", "user_id", "type", "title", "message", "related_id", "is_read", "created_at") VALUES ('dd8bbc11-8c48-4207-92fd-9719bce37ce3', '4cf06b14-1dcf-4670-9387-cf6365138738', 'quote', 'Nouveau devis', 'Un devis a été créé pour vous', '6d234f5d-5589-4daf-a9db-5f42455b2df0', FALSE, '2026-01-07T14:14:19.804Z');
INSERT INTO "notifications" ("id", "user_id", "type", "title", "message", "related_id", "is_read", "created_at") VALUES ('7b8a1319-b1db-4f8f-8a9b-7d688371662d', '4cf06b14-1dcf-4670-9387-cf6365138738', 'quote', 'Devis mis à jour', 'Votre devis a été validé', '6d234f5d-5589-4daf-a9db-5f42455b2df0', FALSE, '2026-01-07T14:15:20.852Z');
INSERT INTO "notifications" ("id", "user_id", "type", "title", "message", "related_id", "is_read", "created_at") VALUES ('c3bd45bd-b940-42df-a043-bc9737ef4eb0', '4cf06b14-1dcf-4670-9387-cf6365138738', 'quote', 'Devis mis à jour', 'Votre devis a été modifié', '6d234f5d-5589-4daf-a9db-5f42455b2df0', FALSE, '2026-01-07T14:15:51.887Z');
INSERT INTO "notifications" ("id", "user_id", "type", "title", "message", "related_id", "is_read", "created_at") VALUES ('8a7eff56-7b1d-4631-b6a1-774d3f22ccff', '4cf06b14-1dcf-4670-9387-cf6365138738', 'quote', 'Devis mis à jour', 'Votre devis a été modifié', '6d234f5d-5589-4daf-a9db-5f42455b2df0', FALSE, '2026-01-07T14:15:52.579Z');
INSERT INTO "notifications" ("id", "user_id", "type", "title", "message", "related_id", "is_read", "created_at") VALUES ('8555ec42-2845-403d-a87f-a21a4d841182', '4cf06b14-1dcf-4670-9387-cf6365138738', 'quote', 'Devis mis à jour', 'Votre devis a été refusé', '6d234f5d-5589-4daf-a9db-5f42455b2df0', FALSE, '2026-01-07T14:16:14.319Z');
INSERT INTO "notifications" ("id", "user_id", "type", "title", "message", "related_id", "is_read", "created_at") VALUES ('4129ceea-485b-410d-b091-f7d79de90e7d', 'bd1db00a-bb60-4818-8479-7f65853b8bdf', 'quote', 'Nouveau devis', 'Un devis a été créé pour vous', 'b31fa14e-e738-4a0e-8c27-3103a4097e41', FALSE, '2026-01-07T14:17:39.453Z');
INSERT INTO "notifications" ("id", "user_id", "type", "title", "message", "related_id", "is_read", "created_at") VALUES ('09723fc2-90c4-49ed-9328-e308060e6e2c', 'bd1db00a-bb60-4818-8479-7f65853b8bdf', 'quote', 'Devis mis à jour', 'Votre devis a été validé', 'b31fa14e-e738-4a0e-8c27-3103a4097e41', FALSE, '2026-01-07T14:18:08.182Z');
INSERT INTO "notifications" ("id", "user_id", "type", "title", "message", "related_id", "is_read", "created_at") VALUES ('37f03094-cfc2-4ada-90e7-b251b1d3dd35', '9b3a366c-50d1-47df-bd23-912addea26c4', 'quote', 'Nouveau devis', 'Un devis a été créé pour vous', 'cbf4f27a-35cd-46e9-8a87-b3f65fa5fd73', FALSE, '2026-01-08T07:48:42.595Z');
INSERT INTO "notifications" ("id", "user_id", "type", "title", "message", "related_id", "is_read", "created_at") VALUES ('9814c663-945a-4a68-8751-8d1f09341d44', '9b3a366c-50d1-47df-bd23-912addea26c4', 'quote', 'Devis mis à jour', 'Votre devis a été validé', 'cbf4f27a-35cd-46e9-8a87-b3f65fa5fd73', FALSE, '2026-01-08T07:48:46.948Z');
INSERT INTO "notifications" ("id", "user_id", "type", "title", "message", "related_id", "is_read", "created_at") VALUES ('17560bc3-2572-4c0b-8328-3f6d2141600e', '9b3a366c-50d1-47df-bd23-912addea26c4', 'invoice', 'New Invoice', 'A new invoice has been generated', 'bfdaa75c-9191-43c2-9ef8-17870db20f96', FALSE, '2026-01-08T07:49:02.193Z');
INSERT INTO "notifications" ("id", "user_id", "type", "title", "message", "related_id", "is_read", "created_at") VALUES ('48a821e6-92e3-4d8a-91bc-f5904aee4b32', '7958b339-5899-4bc6-aa93-5398e20644cc', 'quote', 'Nouveau devis', 'Un devis a été créé pour vous', '5a2c5594-fef8-4968-8156-f408cf92c070', FALSE, '2026-01-08T15:17:41.662Z');
INSERT INTO "notifications" ("id", "user_id", "type", "title", "message", "related_id", "is_read", "created_at") VALUES ('7ddfadc2-c9a2-4f70-95e3-93658cf995db', '7958b339-5899-4bc6-aa93-5398e20644cc', 'quote', 'Devis mis à jour', 'Votre devis a été validé', '5a2c5594-fef8-4968-8156-f408cf92c070', FALSE, '2026-01-08T15:18:09.884Z');
INSERT INTO "notifications" ("id", "user_id", "type", "title", "message", "related_id", "is_read", "created_at") VALUES ('ffe8cdd3-354e-4a42-8cd4-e2476a990973', '7958b339-5899-4bc6-aa93-5398e20644cc', 'reservation', 'Reservation Confirmed', 'Your reservation has been confirmed', 'db44508e-0d59-4ced-a90d-4858751157d3', FALSE, '2026-01-08T15:18:43.698Z');
INSERT INTO "notifications" ("id", "user_id", "type", "title", "message", "related_id", "is_read", "created_at") VALUES ('06d976ed-35a5-47a3-aa2a-3c07f0c312fc', 'c8dab40b-f42d-4acf-a22d-b42f038c2e4f', 'quote', 'Nouveau devis', 'Un devis a été créé pour vous', 'd824ae39-269a-4326-9861-640c1cc922c3', FALSE, '2026-01-09T01:19:45.171Z');
INSERT INTO "notifications" ("id", "user_id", "type", "title", "message", "related_id", "is_read", "created_at") VALUES ('ad8a4869-7305-4b9d-9054-bc981c0ef4cf', 'c8dab40b-f42d-4acf-a22d-b42f038c2e4f', 'quote', 'Devis mis à jour', 'Votre devis a été validé', 'd824ae39-269a-4326-9861-640c1cc922c3', FALSE, '2026-01-09T01:19:49.535Z');
INSERT INTO "notifications" ("id", "user_id", "type", "title", "message", "related_id", "is_read", "created_at") VALUES ('3b04a389-ae50-4057-990f-04ac53a84698', 'c8dab40b-f42d-4acf-a22d-b42f038c2e4f', 'invoice', 'New Invoice', 'A new invoice has been generated', '77a9f4ff-81da-4723-a819-e6f5285891e2', FALSE, '2026-01-09T01:20:40.279Z');
INSERT INTO "notifications" ("id", "user_id", "type", "title", "message", "related_id", "is_read", "created_at") VALUES ('f55be1c3-1e7f-4600-9d39-d058281b7a04', 'c06aee3e-0770-445f-ab09-10b6f14e5a2d', 'quote', 'Nouveau devis', 'Un devis a été créé pour vous', '747d7812-81f1-495a-8a06-087ab11a2020', FALSE, '2026-01-09T08:29:19.080Z');
INSERT INTO "notifications" ("id", "user_id", "type", "title", "message", "related_id", "is_read", "created_at") VALUES ('e18db0a8-ac95-4aaf-bd87-6dbc23375ae6', 'c06aee3e-0770-445f-ab09-10b6f14e5a2d', 'quote', 'Devis mis à jour', 'Votre devis a été validé', '747d7812-81f1-495a-8a06-087ab11a2020', FALSE, '2026-01-09T08:29:53.237Z');
INSERT INTO "notifications" ("id", "user_id", "type", "title", "message", "related_id", "is_read", "created_at") VALUES ('190df3e9-c026-4d7d-8e82-d5852a77b2ae', 'c06aee3e-0770-445f-ab09-10b6f14e5a2d', 'reservation', 'Reservation Confirmed', 'Your reservation has been confirmed', 'd780fe2d-8e07-425b-9b45-d7356eff6aa1', FALSE, '2026-01-09T08:30:36.800Z');
INSERT INTO "notifications" ("id", "user_id", "type", "title", "message", "related_id", "is_read", "created_at") VALUES ('dd1becf0-e058-4cf8-bd4b-dd02c64a322e', '7958b339-5899-4bc6-aa93-5398e20644cc', 'reservation', 'Réservation annulée', 'Votre réservation a été annulée', 'db44508e-0d59-4ced-a90d-4858751157d3', FALSE, '2026-01-09T08:31:52.843Z');
INSERT INTO "notifications" ("id", "user_id", "type", "title", "message", "related_id", "is_read", "created_at") VALUES ('f7c93c5b-5e4b-4f67-9dc5-8c1e992058da', '69c31f37-e706-4562-923b-ba58ada566f7', 'quote', 'Nouveau devis', 'Un devis a été créé pour vous', 'b9464228-9526-42d5-9602-54e9e63a1c89', FALSE, '2026-01-09T12:37:14.798Z');
INSERT INTO "notifications" ("id", "user_id", "type", "title", "message", "related_id", "is_read", "created_at") VALUES ('2e737a04-c758-4d1b-a24f-9a858ca79e74', '69c31f37-e706-4562-923b-ba58ada566f7', 'quote', 'Devis mis à jour', 'Votre devis a été validé', 'b9464228-9526-42d5-9602-54e9e63a1c89', FALSE, '2026-01-09T12:37:20.248Z');
INSERT INTO "notifications" ("id", "user_id", "type", "title", "message", "related_id", "is_read", "created_at") VALUES ('c0264297-38b4-48ef-9db6-a408cc21478e', '69c31f37-e706-4562-923b-ba58ada566f7', 'reservation', 'Reservation Confirmed', 'Your reservation has been confirmed', '39076d31-4e6d-4214-a958-826b0b4f69a6', FALSE, '2026-01-09T12:38:01.695Z');
INSERT INTO "notifications" ("id", "user_id", "type", "title", "message", "related_id", "is_read", "created_at") VALUES ('861a0bc5-477f-42ef-8b57-479b967d0d1e', '69c31f37-e706-4562-923b-ba58ada566f7', 'invoice', 'New Invoice', 'A new invoice has been generated', '8a65f0d0-2f49-49c6-80a9-c105999d2305', FALSE, '2026-01-09T14:19:24.293Z');
INSERT INTO "notifications" ("id", "user_id", "type", "title", "message", "related_id", "is_read", "created_at") VALUES ('7598e9c1-2819-4b34-9d11-c78061570d8c', '5871e454-6a69-44d1-93d3-1f904ee041c9', 'quote', 'Nouveau devis', 'Un devis a été créé pour vous', 'def187e1-071b-4d33-b203-e3b52fd646a5', FALSE, '2026-01-09T14:23:04.596Z');
INSERT INTO "notifications" ("id", "user_id", "type", "title", "message", "related_id", "is_read", "created_at") VALUES ('87094173-0ceb-4b0e-9f18-832d04dcb8a2', '5871e454-6a69-44d1-93d3-1f904ee041c9', 'quote', 'Devis mis à jour', 'Votre devis a été validé', 'def187e1-071b-4d33-b203-e3b52fd646a5', FALSE, '2026-01-09T14:23:08.857Z');
INSERT INTO "notifications" ("id", "user_id", "type", "title", "message", "related_id", "is_read", "created_at") VALUES ('68f9254e-3991-4ab2-a1b1-f60641708d34', '328fec05-2afe-41dc-a101-71bbb4c96560', 'quote', 'Nouveau devis', 'Un devis a été créé pour vous', '0aed839f-1700-402a-906a-34c40e7b430c', FALSE, '2026-01-09T14:25:27.442Z');
INSERT INTO "notifications" ("id", "user_id", "type", "title", "message", "related_id", "is_read", "created_at") VALUES ('8f6c2461-f3ef-4f0c-9755-340c36f176e9', '328fec05-2afe-41dc-a101-71bbb4c96560', 'quote', 'Devis mis à jour', 'Votre devis a été validé', '0aed839f-1700-402a-906a-34c40e7b430c', FALSE, '2026-01-09T14:25:33.782Z');
INSERT INTO "notifications" ("id", "user_id", "type", "title", "message", "related_id", "is_read", "created_at") VALUES ('325af692-c391-47db-90a6-16773c22ad81', 'c06aee3e-0770-445f-ab09-10b6f14e5a2d', 'reservation', 'Réservation mise à jour', 'Votre réservation a été mise à jour - Statut: confirmed', 'd780fe2d-8e07-425b-9b45-d7356eff6aa1', FALSE, '2026-01-09T15:02:23.518Z');
INSERT INTO "notifications" ("id", "user_id", "type", "title", "message", "related_id", "is_read", "created_at") VALUES ('09085860-f43e-4dbd-a48f-88c3f328faa8', '9b3a366c-50d1-47df-bd23-912addea26c4', 'quote', 'Nouveau devis', 'Un devis a été créé pour vous', 'bbce2b26-df43-4c63-b5ae-e701ed2a05eb', FALSE, '2026-01-10T15:07:15.525Z');
INSERT INTO "notifications" ("id", "user_id", "type", "title", "message", "related_id", "is_read", "created_at") VALUES ('d6ce5be7-787d-4646-b400-b4887f44ad71', '9b3a366c-50d1-47df-bd23-912addea26c4', 'quote', 'Devis mis à jour', 'Votre devis a été validé', 'bbce2b26-df43-4c63-b5ae-e701ed2a05eb', FALSE, '2026-01-10T15:07:20.491Z');
INSERT INTO "notifications" ("id", "user_id", "type", "title", "message", "related_id", "is_read", "created_at") VALUES ('deb00d6d-81a3-4737-a3ba-676937c9cfc7', '9b3a366c-50d1-47df-bd23-912addea26c4', 'invoice', 'New Invoice', 'A new invoice has been generated', '89df3d5d-4c35-4199-95ae-85e1133e86bb', FALSE, '2026-01-10T15:08:15.713Z');
INSERT INTO "notifications" ("id", "user_id", "type", "title", "message", "related_id", "is_read", "created_at") VALUES ('38a679c4-8e28-46ea-b4b4-972ccb6208a2', '6ede2a08-1878-4793-b034-f0ee6185db7d', 'quote', 'Nouveau devis', 'Un devis a été créé pour vous', '2cd9e63f-9c10-43b0-902b-85ea36120f6e', FALSE, '2026-01-11T18:04:54.948Z');
INSERT INTO "notifications" ("id", "user_id", "type", "title", "message", "related_id", "is_read", "created_at") VALUES ('b8d2b7d3-801a-4689-8b39-dfabbadc83e4', '6ede2a08-1878-4793-b034-f0ee6185db7d', 'quote', 'Devis mis à jour', 'Votre devis a été validé', '2cd9e63f-9c10-43b0-902b-85ea36120f6e', FALSE, '2026-01-11T18:05:02.579Z');
INSERT INTO "notifications" ("id", "user_id", "type", "title", "message", "related_id", "is_read", "created_at") VALUES ('ab704284-de5d-48c1-8420-c6229c1b7484', '6ede2a08-1878-4793-b034-f0ee6185db7d', 'quote', 'Devis mis à jour', 'Votre devis a été validé', '2cd9e63f-9c10-43b0-902b-85ea36120f6e', FALSE, '2026-01-11T18:05:20.071Z');
INSERT INTO "notifications" ("id", "user_id", "type", "title", "message", "related_id", "is_read", "created_at") VALUES ('afc77357-7d57-4242-8c54-4dff4cc1c51b', '6ede2a08-1878-4793-b034-f0ee6185db7d', 'quote', 'Devis mis à jour', 'Votre devis a été validé', '2cd9e63f-9c10-43b0-902b-85ea36120f6e', FALSE, '2026-01-11T18:11:05.229Z');
INSERT INTO "notifications" ("id", "user_id", "type", "title", "message", "related_id", "is_read", "created_at") VALUES ('e2947347-496d-4f3a-b5e6-d6e817d1333c', '6ede2a08-1878-4793-b034-f0ee6185db7d', 'reservation', 'Reservation Confirmed', 'Your reservation has been confirmed', 'ba2d42c2-65e9-4192-a41e-2d602f232188', FALSE, '2026-01-11T18:12:16.886Z');
INSERT INTO "notifications" ("id", "user_id", "type", "title", "message", "related_id", "is_read", "created_at") VALUES ('fc57a795-d064-499d-aa37-b05d5ea77b56', '311990cb-9c44-4631-a4b2-a2c6377a7861', 'chat', 'Nouveau message de contact@myjantes.com', 'Peux', 'a80f2aa1-91f5-4b48-9211-14bfcae7346f', FALSE, '2026-01-12T05:49:39.890Z');
INSERT INTO "notifications" ("id", "user_id", "type", "title", "message", "related_id", "is_read", "created_at") VALUES ('60665c8f-8ec5-4a4a-a460-400a3ce522ba', '6ede2a08-1878-4793-b034-f0ee6185db7d', 'reservation', 'Réservation annulée', 'Votre réservation a été annulée', 'ba2d42c2-65e9-4192-a41e-2d602f232188', FALSE, '2026-01-12T05:50:50.231Z');
INSERT INTO "notifications" ("id", "user_id", "type", "title", "message", "related_id", "is_read", "created_at") VALUES ('74ec76cc-918c-4618-b528-0b0fac70ef67', '12d1d38a-a874-4143-b913-ff9b67d47771', 'chat', 'Nouveau message de admin@myjantes.fr', 'Test', 'a707a7d3-da7a-44e0-9943-2c91c3dc7c55', FALSE, '2026-01-12T06:10:53.704Z');
INSERT INTO "notifications" ("id", "user_id", "type", "title", "message", "related_id", "is_read", "created_at") VALUES ('7cef0c76-9012-431b-8609-c0112a7ed959', '311990cb-9c44-4631-a4b2-a2c6377a7861', 'chat', 'Nouveau message de contact@myjantes.com', 'Bo', 'a80f2aa1-91f5-4b48-9211-14bfcae7346f', FALSE, '2026-01-12T08:33:20.600Z');
INSERT INTO "notifications" ("id", "user_id", "type", "title", "message", "related_id", "is_read", "created_at") VALUES ('28a00311-ab58-4f6a-8941-9c8bb9a44263', '08905b9b-fe4c-4ccc-9dfc-85d28010b729', 'quote', 'Nouveau devis', 'Un devis a été créé pour vous', '9553f176-0a25-42b5-9662-a4471b474bb9', FALSE, '2026-01-12T09:47:33.173Z');
INSERT INTO "notifications" ("id", "user_id", "type", "title", "message", "related_id", "is_read", "created_at") VALUES ('8e09ae1a-8768-4f61-8806-00d8b11a507c', '08905b9b-fe4c-4ccc-9dfc-85d28010b729', 'quote', 'Devis mis à jour', 'Votre devis a été validé', '9553f176-0a25-42b5-9662-a4471b474bb9', FALSE, '2026-01-12T09:47:44.686Z');
INSERT INTO "notifications" ("id", "user_id", "type", "title", "message", "related_id", "is_read", "created_at") VALUES ('5d99b4b0-9daf-4a1d-8898-79ad144232d3', '08905b9b-fe4c-4ccc-9dfc-85d28010b729', 'invoice', 'New Invoice', 'A new invoice has been generated', 'fea69bb2-79cf-4734-ba6d-4b1c0c89746f', FALSE, '2026-01-12T10:54:06.295Z');
INSERT INTO "notifications" ("id", "user_id", "type", "title", "message", "related_id", "is_read", "created_at") VALUES ('8e931cb0-cf83-4599-88cc-3ea6c154aba7', 'ef6c1d4c-dec5-4906-a869-3c68dc712d05', 'quote', 'Nouveau devis', 'Un devis a été créé pour vous', '54c99fae-e9f7-4b49-83ab-50a9dc44889a', FALSE, '2026-01-12T12:07:31.687Z');
INSERT INTO "notifications" ("id", "user_id", "type", "title", "message", "related_id", "is_read", "created_at") VALUES ('25cda226-b612-422f-960c-b003ba1f3e88', 'ef6c1d4c-dec5-4906-a869-3c68dc712d05', 'quote', 'Devis mis à jour', 'Votre devis a été validé', '54c99fae-e9f7-4b49-83ab-50a9dc44889a', FALSE, '2026-01-12T12:07:53.270Z');
INSERT INTO "notifications" ("id", "user_id", "type", "title", "message", "related_id", "is_read", "created_at") VALUES ('ee6cb0da-d398-4761-9b76-8df02c65b0a5', '84b3b97b-5fd9-4f5b-838c-f810f3f2e5d1', 'quote', 'Nouveau devis', 'Un devis a été créé pour vous', '41e32a5a-1041-4da6-8c1f-95fe7a713d94', FALSE, '2026-01-12T13:46:48.759Z');
INSERT INTO "notifications" ("id", "user_id", "type", "title", "message", "related_id", "is_read", "created_at") VALUES ('2f855bbf-8d17-4524-92f8-a5eca15de0f7', 'fc40075c-255b-4dd4-b4ca-0f79ef889203', 'quote', 'Nouveau devis', 'Un devis a été créé pour vous', 'a29046f0-7608-4a43-b675-172668506fde', FALSE, '2026-01-12T13:47:28.750Z');
INSERT INTO "notifications" ("id", "user_id", "type", "title", "message", "related_id", "is_read", "created_at") VALUES ('f34d5038-4249-40ff-9358-7a03a2658116', 'fc40075c-255b-4dd4-b4ca-0f79ef889203', 'quote', 'Devis mis à jour', 'Votre devis a été refusé', 'a29046f0-7608-4a43-b675-172668506fde', FALSE, '2026-01-12T13:47:50.395Z');
INSERT INTO "notifications" ("id", "user_id", "type", "title", "message", "related_id", "is_read", "created_at") VALUES ('59bb410e-f1e5-41c2-9c7b-044de23479a8', 'fc40075c-255b-4dd4-b4ca-0f79ef889203', 'quote', 'Devis mis à jour', 'Votre devis a été modifié', 'a29046f0-7608-4a43-b675-172668506fde', FALSE, '2026-01-12T14:07:23.206Z');
INSERT INTO "notifications" ("id", "user_id", "type", "title", "message", "related_id", "is_read", "created_at") VALUES ('37231f17-46d9-48f9-9a3f-4e65b53dbef4', 'fc40075c-255b-4dd4-b4ca-0f79ef889203', 'quote', 'Devis mis à jour', 'Votre devis a été modifié', 'a29046f0-7608-4a43-b675-172668506fde', FALSE, '2026-01-12T14:08:59.619Z');
INSERT INTO "notifications" ("id", "user_id", "type", "title", "message", "related_id", "is_read", "created_at") VALUES ('e038932a-62cd-47c2-8ca3-aa22e447d070', 'fc40075c-255b-4dd4-b4ca-0f79ef889203', 'quote', 'Devis mis à jour', 'Votre devis a été validé', 'a29046f0-7608-4a43-b675-172668506fde', FALSE, '2026-01-12T14:09:12.060Z');
INSERT INTO "notifications" ("id", "user_id", "type", "title", "message", "related_id", "is_read", "created_at") VALUES ('7d6d464e-960e-48ca-8e20-52a2635a2133', '84b3b97b-5fd9-4f5b-838c-f810f3f2e5d1', 'quote', 'Devis mis à jour', 'Votre devis a été validé', '41e32a5a-1041-4da6-8c1f-95fe7a713d94', FALSE, '2026-01-12T14:13:46.001Z');
INSERT INTO "notifications" ("id", "user_id", "type", "title", "message", "related_id", "is_read", "created_at") VALUES ('73802e31-eb01-49df-8fe2-8094300669a2', '6849a19d-77e6-483b-8e56-86a5eba1df53', 'quote', 'Nouveau devis', 'Un devis a été créé pour vous', 'da326734-0edc-418b-bcf6-77e624abece1', FALSE, '2026-01-12T14:34:25.923Z');
INSERT INTO "notifications" ("id", "user_id", "type", "title", "message", "related_id", "is_read", "created_at") VALUES ('3a530f41-4856-4687-b0fe-71cd274f5227', '6849a19d-77e6-483b-8e56-86a5eba1df53', 'quote', 'Devis mis à jour', 'Votre devis a été validé', 'da326734-0edc-418b-bcf6-77e624abece1', FALSE, '2026-01-12T14:34:29.818Z');
INSERT INTO "notifications" ("id", "user_id", "type", "title", "message", "related_id", "is_read", "created_at") VALUES ('b8b62093-76b8-419a-8a2f-43c2a647ba9d', '1148d52d-2e0c-463d-ae28-bbc9ec5c7383', 'quote', 'Nouveau devis', 'Un devis a été créé pour vous', 'e633803b-d4a3-403f-8514-3819c9d47bfb', FALSE, '2026-01-12T14:40:23.019Z');
INSERT INTO "notifications" ("id", "user_id", "type", "title", "message", "related_id", "is_read", "created_at") VALUES ('02ea01bf-e9e5-4bb1-804e-81971282810e', '1148d52d-2e0c-463d-ae28-bbc9ec5c7383', 'quote', 'Devis mis à jour', 'Votre devis a été validé', 'e633803b-d4a3-403f-8514-3819c9d47bfb', FALSE, '2026-01-12T14:40:30.498Z');
INSERT INTO "notifications" ("id", "user_id", "type", "title", "message", "related_id", "is_read", "created_at") VALUES ('2818d115-7e05-45d2-8781-28cd4b41b0eb', '6ede2a08-1878-4793-b034-f0ee6185db7d', 'reservation', 'Réservation annulée', 'Votre réservation a été annulée', 'ba2d42c2-65e9-4192-a41e-2d602f232188', FALSE, '2026-01-12T14:45:32.565Z');
INSERT INTO "notifications" ("id", "user_id", "type", "title", "message", "related_id", "is_read", "created_at") VALUES ('cddd7162-a786-4902-8a2d-2163023a7bc2', '1148d52d-2e0c-463d-ae28-bbc9ec5c7383', 'quote', 'Devis mis à jour', 'Votre devis a été validé', 'e633803b-d4a3-403f-8514-3819c9d47bfb', FALSE, '2026-01-12T14:47:01.372Z');
INSERT INTO "notifications" ("id", "user_id", "type", "title", "message", "related_id", "is_read", "created_at") VALUES ('322b299b-e4fe-4cc2-81a9-854d573492a4', 'a12b4868-d06f-40b7-8aa6-2deff0716508', 'quote', 'Nouveau devis', 'Un devis a été créé pour vous', '8cc1251e-d67f-4ec1-99a5-944857b6cc99', FALSE, '2026-01-12T14:55:22.315Z');
INSERT INTO "notifications" ("id", "user_id", "type", "title", "message", "related_id", "is_read", "created_at") VALUES ('12614baa-d51c-48a2-9cea-5de21d3039e0', 'a12b4868-d06f-40b7-8aa6-2deff0716508', 'quote', 'Devis mis à jour', 'Votre devis a été modifié', '8cc1251e-d67f-4ec1-99a5-944857b6cc99', FALSE, '2026-01-12T14:56:11.999Z');
INSERT INTO "notifications" ("id", "user_id", "type", "title", "message", "related_id", "is_read", "created_at") VALUES ('d0608397-f7bb-40af-bd8e-7e85e1f0b504', 'a12b4868-d06f-40b7-8aa6-2deff0716508', 'quote', 'Devis mis à jour', 'Votre devis a été validé', '8cc1251e-d67f-4ec1-99a5-944857b6cc99', FALSE, '2026-01-12T14:56:21.887Z');
INSERT INTO "notifications" ("id", "user_id", "type", "title", "message", "related_id", "is_read", "created_at") VALUES ('68d52ebb-1860-47f3-9b6b-0ba93f9ab5aa', '311990cb-9c44-4631-a4b2-a2c6377a7861', 'chat', 'Nouveau message de admin@myjantes.fr', 'Test', '238d2693-7075-4f7d-9a50-48f8b30314cf', FALSE, '2026-01-12T16:10:17.557Z');
INSERT INTO "notifications" ("id", "user_id", "type", "title", "message", "related_id", "is_read", "created_at") VALUES ('2a380239-a070-486d-80be-a4583518e923', 'a12b4868-d06f-40b7-8aa6-2deff0716508', 'quote', 'Devis mis à jour', 'Votre devis a été validé', '8cc1251e-d67f-4ec1-99a5-944857b6cc99', FALSE, '2026-01-12T16:27:41.827Z');
INSERT INTO "notifications" ("id", "user_id", "type", "title", "message", "related_id", "is_read", "created_at") VALUES ('cc4d09e7-b1c3-41c3-91b9-50053f46b192', '9b5096d9-b2c7-49af-9326-4d9789a7ae52', 'quote', 'Nouveau devis', 'Un devis a été créé pour vous', '1188c6a9-869b-4831-a145-f310ef5c1106', FALSE, '2026-01-12T18:05:44.706Z');
INSERT INTO "notifications" ("id", "user_id", "type", "title", "message", "related_id", "is_read", "created_at") VALUES ('2611165d-c911-493d-8ef1-57b64297c735', '9b5096d9-b2c7-49af-9326-4d9789a7ae52', 'quote', 'Devis mis à jour', 'Votre devis a été validé', '1188c6a9-869b-4831-a145-f310ef5c1106', FALSE, '2026-01-12T18:05:58.420Z');
INSERT INTO "notifications" ("id", "user_id", "type", "title", "message", "related_id", "is_read", "created_at") VALUES ('97fb0592-392a-4a9d-94fc-0f9e75ddf43f', '9b5096d9-b2c7-49af-9326-4d9789a7ae52', 'quote', 'Devis mis à jour', 'Votre devis a été validé', '1188c6a9-869b-4831-a145-f310ef5c1106', FALSE, '2026-01-12T18:06:22.314Z');
INSERT INTO "notifications" ("id", "user_id", "type", "title", "message", "related_id", "is_read", "created_at") VALUES ('e664afa0-3c53-4a0a-8ce3-2824085be170', '9b5096d9-b2c7-49af-9326-4d9789a7ae52', 'quote', 'Nouveau devis', 'Un devis a été créé pour vous', '3fec6470-ea2a-497e-b6cd-6a15817250a8', FALSE, '2026-01-12T18:10:45.965Z');
INSERT INTO "notifications" ("id", "user_id", "type", "title", "message", "related_id", "is_read", "created_at") VALUES ('40a598b5-56a4-4bf4-8c4f-b4c1d5ca2efa', '9b5096d9-b2c7-49af-9326-4d9789a7ae52', 'quote', 'Devis mis à jour', 'Votre devis a été validé', '3fec6470-ea2a-497e-b6cd-6a15817250a8', FALSE, '2026-01-12T18:10:51.053Z');
INSERT INTO "notifications" ("id", "user_id", "type", "title", "message", "related_id", "is_read", "created_at") VALUES ('b783fbe7-c913-4ddc-8092-76fc932e3fb4', '12d1d38a-a874-4143-b913-ff9b67d47771', 'chat', 'Nouveau message de admin@myjantes.fr', 'Test', '238d2693-7075-4f7d-9a50-48f8b30314cf', TRUE, '2026-01-12T16:10:17.533Z');
INSERT INTO "notifications" ("id", "user_id", "type", "title", "message", "related_id", "is_read", "created_at") VALUES ('e2f3d4e9-baf1-4a22-86fb-0a6a6a79e45b', '311990cb-9c44-4631-a4b2-a2c6377a7861', 'chat', 'Nouveau message de contact@myjantes.com', 'Salut', '238d2693-7075-4f7d-9a50-48f8b30314cf', FALSE, '2026-01-13T05:57:54.581Z');
INSERT INTO "notifications" ("id", "user_id", "type", "title", "message", "related_id", "is_read", "created_at") VALUES ('8bcad502-1038-46b2-85b8-417f0d4869e4', '7a05001e-9618-4062-8565-f07afcab193e', 'chat', 'Nouveau message de contact@myjantes.com', 'Salut', '238d2693-7075-4f7d-9a50-48f8b30314cf', FALSE, '2026-01-13T05:57:54.606Z');
INSERT INTO "notifications" ("id", "user_id", "type", "title", "message", "related_id", "is_read", "created_at") VALUES ('22fae175-8fb3-4a0c-a0d8-2d70ff348d32', 'f7c6e3e6-3bb6-4b46-8f78-9d06cede5982', 'quote', 'Nouveau devis', 'Un devis a été créé pour vous', '7497a0f1-6f8a-4e48-ac8e-edcb2cf70b05', FALSE, '2026-01-13T06:02:04.963Z');
INSERT INTO "notifications" ("id", "user_id", "type", "title", "message", "related_id", "is_read", "created_at") VALUES ('729b9db0-bec6-4648-8bb8-294320d50029', 'f7c6e3e6-3bb6-4b46-8f78-9d06cede5982', 'quote', 'Devis mis à jour', 'Votre devis a été validé', '7497a0f1-6f8a-4e48-ac8e-edcb2cf70b05', FALSE, '2026-01-13T06:02:22.110Z');
INSERT INTO "notifications" ("id", "user_id", "type", "title", "message", "related_id", "is_read", "created_at") VALUES ('bbd44b9b-ca5f-44f7-a963-c6b4036f67a7', '809eb2aa-355b-477c-ad4f-6acdc3fec736', 'quote', 'Nouveau devis', 'Un devis a été créé pour vous', 'e8d8a029-79a6-43ab-ad21-531bff872b45', FALSE, '2026-01-13T09:16:36.522Z');
INSERT INTO "notifications" ("id", "user_id", "type", "title", "message", "related_id", "is_read", "created_at") VALUES ('a56dbd0e-cbf1-41d6-997a-ff825b7d5dcc', '809eb2aa-355b-477c-ad4f-6acdc3fec736', 'quote', 'Devis mis à jour', 'Votre devis a été validé', 'e8d8a029-79a6-43ab-ad21-531bff872b45', FALSE, '2026-01-13T09:16:41.712Z');
INSERT INTO "notifications" ("id", "user_id", "type", "title", "message", "related_id", "is_read", "created_at") VALUES ('127e95dd-c33e-497d-b52e-cda6e3a04dba', '57d0f2b0-eb52-4959-867f-815570b1a598', 'quote', 'Nouveau devis', 'Un devis a été créé pour vous', '5dc2cf37-794d-47a7-9cf1-b78b38f28c2b', FALSE, '2026-01-13T09:46:19.410Z');
INSERT INTO "notifications" ("id", "user_id", "type", "title", "message", "related_id", "is_read", "created_at") VALUES ('573b0658-0c59-4c8b-99fd-3f177addfea7', '57d0f2b0-eb52-4959-867f-815570b1a598', 'quote', 'Devis mis à jour', 'Votre devis a été validé', '5dc2cf37-794d-47a7-9cf1-b78b38f28c2b', FALSE, '2026-01-13T09:46:25.417Z');
INSERT INTO "notifications" ("id", "user_id", "type", "title", "message", "related_id", "is_read", "created_at") VALUES ('f37781fd-9a04-4453-a6e2-58d5301c761e', '57d0f2b0-eb52-4959-867f-815570b1a598', 'reservation', 'Reservation Confirmed', 'Your reservation has been confirmed', 'b3b9ba1b-258b-445a-91ec-c05c7352ee8a', FALSE, '2026-01-13T09:47:18.341Z');
INSERT INTO "notifications" ("id", "user_id", "type", "title", "message", "related_id", "is_read", "created_at") VALUES ('c694bcf2-ccf1-4037-b176-be8d7293b6dd', '325ad964-d436-42b4-9db6-dc6de6f6435e', 'quote', 'Nouveau devis', 'Un devis a été créé pour vous', '70819ab9-9404-446d-99cb-151064112190', FALSE, '2026-01-13T12:03:10.932Z');
INSERT INTO "notifications" ("id", "user_id", "type", "title", "message", "related_id", "is_read", "created_at") VALUES ('8a735408-f40a-4171-bfcf-ffe96400d743', '325ad964-d436-42b4-9db6-dc6de6f6435e', 'quote', 'Devis mis à jour', 'Votre devis a été validé', '70819ab9-9404-446d-99cb-151064112190', FALSE, '2026-01-13T12:03:18.768Z');
INSERT INTO "notifications" ("id", "user_id", "type", "title", "message", "related_id", "is_read", "created_at") VALUES ('8d320a0f-cc16-4e8f-a5e8-c37c64e9d34b', '7a7e3a20-dcba-4fcb-9f8d-64dfa13dc0b2', 'quote', 'Nouveau devis', 'Un devis a été créé pour vous', '03e398f9-4120-4787-8fce-d1fadcb9396f', FALSE, '2026-01-13T12:46:52.024Z');
INSERT INTO "notifications" ("id", "user_id", "type", "title", "message", "related_id", "is_read", "created_at") VALUES ('aee5265f-4680-42f0-99be-c20140d8533a', '7a7e3a20-dcba-4fcb-9f8d-64dfa13dc0b2', 'quote', 'Devis mis à jour', 'Votre devis a été validé', '03e398f9-4120-4787-8fce-d1fadcb9396f', FALSE, '2026-01-13T12:46:59.759Z');
INSERT INTO "notifications" ("id", "user_id", "type", "title", "message", "related_id", "is_read", "created_at") VALUES ('eb93834c-0a79-4216-8ebb-af027d0b0a55', '7a7e3a20-dcba-4fcb-9f8d-64dfa13dc0b2', 'reservation', 'Reservation Confirmed', 'Your reservation has been confirmed', 'c5c5baa7-6598-4e4b-8bb9-703534106b9b', FALSE, '2026-01-13T12:47:34.909Z');
INSERT INTO "notifications" ("id", "user_id", "type", "title", "message", "related_id", "is_read", "created_at") VALUES ('d58f47d9-24cf-4ef3-b45f-d569ff149883', '5f463e61-082f-4612-9d1d-9928496e8abf', 'quote', 'Nouveau devis', 'Un devis a été créé pour vous', '55525a54-81b8-4500-a98d-9b9a6d97092c', FALSE, '2026-01-13T13:50:31.176Z');
INSERT INTO "notifications" ("id", "user_id", "type", "title", "message", "related_id", "is_read", "created_at") VALUES ('e88e5995-1e4e-45ed-bd1f-909c3f3b2755', '6ede2a08-1878-4793-b034-f0ee6185db7d', 'quote', 'Nouveau devis', 'Un devis a été créé pour vous', 'f50818a4-ee56-4826-9531-7a1dcd06dbdd', FALSE, '2026-01-13T14:55:54.229Z');
INSERT INTO "notifications" ("id", "user_id", "type", "title", "message", "related_id", "is_read", "created_at") VALUES ('89d616a7-f486-47e5-a8af-73d08f5b095d', '6ede2a08-1878-4793-b034-f0ee6185db7d', 'quote', 'Devis mis à jour', 'Votre devis a été validé', 'f50818a4-ee56-4826-9531-7a1dcd06dbdd', FALSE, '2026-01-13T14:55:59.058Z');
INSERT INTO "notifications" ("id", "user_id", "type", "title", "message", "related_id", "is_read", "created_at") VALUES ('657a1520-514c-4e4b-9e40-e753f718e93e', '5f463e61-082f-4612-9d1d-9928496e8abf', 'quote', 'Devis mis à jour', 'Votre devis a été validé', '55525a54-81b8-4500-a98d-9b9a6d97092c', FALSE, '2026-01-13T15:09:10.459Z');
INSERT INTO "notifications" ("id", "user_id", "type", "title", "message", "related_id", "is_read", "created_at") VALUES ('ec0cb74e-5434-4bdc-a6b3-b5085d536fc4', '7a7e3a20-dcba-4fcb-9f8d-64dfa13dc0b2', 'invoice', 'New Invoice', 'A new invoice has been generated', '0c77d1a0-8a26-491a-992a-2439ad687efd', FALSE, '2026-01-13T15:35:52.117Z');
INSERT INTO "notifications" ("id", "user_id", "type", "title", "message", "related_id", "is_read", "created_at") VALUES ('a4a166b9-3d3e-46d3-8d5f-136593767373', 'c06aee3e-0770-445f-ab09-10b6f14e5a2d', 'invoice', 'New Invoice', 'A new invoice has been generated', '6f866ef9-2042-4be4-a5a7-ea8a57158f01', FALSE, '2026-01-13T16:01:09.229Z');
INSERT INTO "notifications" ("id", "user_id", "type", "title", "message", "related_id", "is_read", "created_at") VALUES ('3b95b02a-a98c-4a78-b967-d1c65395198b', 'c06aee3e-0770-445f-ab09-10b6f14e5a2d', 'invoice', 'New Invoice', 'A new invoice has been generated', 'e0df1290-fc5b-4b30-a9f3-898901d7b3b9', FALSE, '2026-01-13T16:02:13.842Z');
INSERT INTO "notifications" ("id", "user_id", "type", "title", "message", "related_id", "is_read", "created_at") VALUES ('f50e2185-c4ff-46de-b6e3-d6536a403422', 'b5453d69-9459-4edf-b3c1-e93291ec6271', 'invoice', 'New Invoice', 'A new invoice has been generated', '5e8c3edd-05bb-45c3-be00-e17b8534f7e2', FALSE, '2026-01-13T16:10:45.189Z');

-- Table: chat_conversations (3 rows)
DELETE FROM "chat_conversations";
INSERT INTO "chat_conversations" ("id", "title", "created_by_id", "is_archived", "last_message_at", "created_at", "updated_at") VALUES ('a707a7d3-da7a-44e0-9943-2c91c3dc7c55', 'S', '7a05001e-9618-4062-8565-f07afcab193e', FALSE, '2026-01-12T06:10:53.619Z', '2026-01-12T06:10:35.978Z', '2026-01-12T06:10:35.978Z');
INSERT INTO "chat_conversations" ("id", "title", "created_by_id", "is_archived", "last_message_at", "created_at", "updated_at") VALUES ('a80f2aa1-91f5-4b48-9211-14bfcae7346f', 'C', '12d1d38a-a874-4143-b913-ff9b67d47771', FALSE, '2026-01-12T08:33:20.513Z', '2026-01-12T05:49:27.588Z', '2026-01-12T05:49:27.588Z');
INSERT INTO "chat_conversations" ("id", "title", "created_by_id", "is_archived", "last_message_at", "created_at", "updated_at") VALUES ('238d2693-7075-4f7d-9a50-48f8b30314cf', 'Test', '7a05001e-9618-4062-8565-f07afcab193e', FALSE, '2026-01-13T05:57:54.505Z', '2026-01-12T16:10:12.049Z', '2026-01-12T16:10:12.049Z');

-- Table: chat_participants (7 rows)
DELETE FROM "chat_participants";
INSERT INTO "chat_participants" ("id", "conversation_id", "user_id", "last_read_at", "created_at") VALUES ('3074b228-35a5-44d7-a0f3-ced9d2531240', 'a80f2aa1-91f5-4b48-9211-14bfcae7346f', '311990cb-9c44-4631-a4b2-a2c6377a7861', NULL, '2026-01-12T05:49:27.648Z');
INSERT INTO "chat_participants" ("id", "conversation_id", "user_id", "last_read_at", "created_at") VALUES ('0c1847d8-773b-45b2-87f0-e9494995d858', 'a707a7d3-da7a-44e0-9943-2c91c3dc7c55', '7a05001e-9618-4062-8565-f07afcab193e', '2026-01-12T06:10:54.515Z', '2026-01-12T06:10:36.017Z');
INSERT INTO "chat_participants" ("id", "conversation_id", "user_id", "last_read_at", "created_at") VALUES ('516d673e-5ab6-45d2-a7ff-fa4bb9a4fdb2', 'a707a7d3-da7a-44e0-9943-2c91c3dc7c55', '12d1d38a-a874-4143-b913-ff9b67d47771', '2026-01-12T08:33:10.614Z', '2026-01-12T06:10:36.044Z');
INSERT INTO "chat_participants" ("id", "conversation_id", "user_id", "last_read_at", "created_at") VALUES ('9a30abe1-364c-44e0-80e1-87109371f2b4', 'a80f2aa1-91f5-4b48-9211-14bfcae7346f', '12d1d38a-a874-4143-b913-ff9b67d47771', '2026-01-12T08:33:21.358Z', '2026-01-12T05:49:27.623Z');
INSERT INTO "chat_participants" ("id", "conversation_id", "user_id", "last_read_at", "created_at") VALUES ('5fd02c1c-9ee1-4949-aa5a-32b01fb3f19f', '238d2693-7075-4f7d-9a50-48f8b30314cf', '311990cb-9c44-4631-a4b2-a2c6377a7861', NULL, '2026-01-12T16:10:12.130Z');
INSERT INTO "chat_participants" ("id", "conversation_id", "user_id", "last_read_at", "created_at") VALUES ('8dbdc4fb-73b4-4541-87ad-a3bf24d57f98', '238d2693-7075-4f7d-9a50-48f8b30314cf', '7a05001e-9618-4062-8565-f07afcab193e', '2026-01-12T16:10:18.598Z', '2026-01-12T16:10:12.084Z');
INSERT INTO "chat_participants" ("id", "conversation_id", "user_id", "last_read_at", "created_at") VALUES ('d813b1d5-4579-45be-8a62-cccde4f2808a', '238d2693-7075-4f7d-9a50-48f8b30314cf', '12d1d38a-a874-4143-b913-ff9b67d47771', '2026-01-13T05:57:55.269Z', '2026-01-12T16:10:12.108Z');

-- Table: chat_messages (5 rows)
DELETE FROM "chat_messages";
INSERT INTO "chat_messages" ("id", "conversation_id", "sender_id", "content", "is_edited", "created_at", "updated_at") VALUES ('9a9ab9e7-b5d3-4c70-9911-142d7f2bc796', 'a80f2aa1-91f5-4b48-9211-14bfcae7346f', '12d1d38a-a874-4143-b913-ff9b67d47771', 'Peux', FALSE, '2026-01-12T05:49:39.788Z', '2026-01-12T05:49:39.788Z');
INSERT INTO "chat_messages" ("id", "conversation_id", "sender_id", "content", "is_edited", "created_at", "updated_at") VALUES ('04a956cf-b545-4872-a039-80a2ef28c530', 'a707a7d3-da7a-44e0-9943-2c91c3dc7c55', '7a05001e-9618-4062-8565-f07afcab193e', 'Test', FALSE, '2026-01-12T06:10:53.605Z', '2026-01-12T06:10:53.605Z');
INSERT INTO "chat_messages" ("id", "conversation_id", "sender_id", "content", "is_edited", "created_at", "updated_at") VALUES ('0e0d8ac1-a0b2-4256-a039-609eca950fbb', 'a80f2aa1-91f5-4b48-9211-14bfcae7346f', '12d1d38a-a874-4143-b913-ff9b67d47771', 'Bo', FALSE, '2026-01-12T08:33:20.494Z', '2026-01-12T08:33:20.494Z');
INSERT INTO "chat_messages" ("id", "conversation_id", "sender_id", "content", "is_edited", "created_at", "updated_at") VALUES ('620fd8ff-c985-452f-844f-29ddb072bfd0', '238d2693-7075-4f7d-9a50-48f8b30314cf', '7a05001e-9618-4062-8565-f07afcab193e', 'Test', FALSE, '2026-01-12T16:10:17.436Z', '2026-01-12T16:10:17.436Z');
INSERT INTO "chat_messages" ("id", "conversation_id", "sender_id", "content", "is_edited", "created_at", "updated_at") VALUES ('fb8398eb-7a0a-4ac9-8f78-ae141d0c981b', '238d2693-7075-4f7d-9a50-48f8b30314cf', '12d1d38a-a874-4143-b913-ff9b67d47771', 'Salut', FALSE, '2026-01-13T05:57:54.485Z', '2026-01-13T05:57:54.485Z');

-- Table: audit_logs (138 rows)
DELETE FROM "audit_logs";
INSERT INTO "audit_logs" ("id", "entity_type", "entity_id", "action", "actor_id", "actor_role", "actor_name", "summary", "metadata", "ip_address", "user_agent", "occurred_at") VALUES ('a8f69c71-9c74-46f0-8785-6f69d646729d', 'service', 'b777280e-1b49-42f4-9c9d-e36f7be48b65', 'created', '7a05001e-9618-4062-8565-f07afcab193e', 'admin', 'admin@myjantes.fr', 'Service "Devoilage" créé avec workflow associé', '{"workflowId":"1978783d-b5e2-4181-b118-f70826bb0be7"}'::jsonb, '35.243.129.130', 'Mozilla/5.0 (Linux; Android 10; K) AppleWebKit/537.36 (KHTML, like Gecko) Chrome/141.0.0.0 Mobile Safari/537.36', '2026-01-04T16:08:30.015Z');
INSERT INTO "audit_logs" ("id", "entity_type", "entity_id", "action", "actor_id", "actor_role", "actor_name", "summary", "metadata", "ip_address", "user_agent", "occurred_at") VALUES ('8fa2664a-41ef-4c44-bf80-b459e8ba43fa', 'service', '08f76e8d-bc5a-40c2-95e9-13254f1f6d50', 'created', '7a05001e-9618-4062-8565-f07afcab193e', 'admin', 'admin@myjantes.fr', 'Service "SABLAGE" créé avec workflow associé', '{"workflowId":"8e0faddd-7160-455f-985e-0f06ae589f26"}'::jsonb, '34.139.219.171', 'Mozilla/5.0 (iPhone; CPU iPhone OS 18_6_2 like Mac OS X) AppleWebKit/605.1.15 (KHTML, like Gecko) Version/18.6 Mobile/15E148 Safari/604.1', '2026-01-07T14:06:55.417Z');
INSERT INTO "audit_logs" ("id", "entity_type", "entity_id", "action", "actor_id", "actor_role", "actor_name", "summary", "metadata", "ip_address", "user_agent", "occurred_at") VALUES ('24fe5790-e5e9-4bbe-8149-b71abaf7ab6d', 'service', '3a343cb7-e115-4bb2-bd73-337d896eac70', 'created', '7a05001e-9618-4062-8565-f07afcab193e', 'admin', 'admin@myjantes.fr', 'Service "APPORT MATIÈRE " créé avec workflow associé', '{"workflowId":"9e3b08ea-c5e5-4990-b824-9d78b0bacaa5"}'::jsonb, '34.75.119.55', 'Mozilla/5.0 (iPhone; CPU iPhone OS 18_6_2 like Mac OS X) AppleWebKit/605.1.15 (KHTML, like Gecko) Version/18.6 Mobile/15E148 Safari/604.1', '2026-01-07T14:07:09.611Z');
INSERT INTO "audit_logs" ("id", "entity_type", "entity_id", "action", "actor_id", "actor_role", "actor_name", "summary", "metadata", "ip_address", "user_agent", "occurred_at") VALUES ('e1d825e9-b8f9-4d83-8da2-9bb41a7597af', 'service', 'cea2cf07-7a40-45b8-9ad0-79117848ba1f', 'created', '7a05001e-9618-4062-8565-f07afcab193e', 'admin', 'admin@myjantes.fr', 'Service "DÉMONTAGE PNEUMATIQUE" créé avec workflow associé', '{"workflowId":"e687b365-8a71-4045-9e5c-1b15a40f662d"}'::jsonb, '34.26.99.240', 'Mozilla/5.0 (iPhone; CPU iPhone OS 18_6_2 like Mac OS X) AppleWebKit/605.1.15 (KHTML, like Gecko) Version/18.6 Mobile/15E148 Safari/604.1', '2026-01-07T14:09:59.876Z');
INSERT INTO "audit_logs" ("id", "entity_type", "entity_id", "action", "actor_id", "actor_role", "actor_name", "summary", "metadata", "ip_address", "user_agent", "occurred_at") VALUES ('3f42848e-60b3-43a0-a182-8e5c2154c8ee', 'quote', '6d234f5d-5589-4daf-a9db-5f42455b2df0', 'created', '7a05001e-9618-4062-8565-f07afcab193e', 'admin', 'admin@myjantes.fr', 'Devis créé par l''administrateur', '{"clientId":"4cf06b14-1dcf-4670-9387-cf6365138738","servicesCount":4}'::jsonb, '34.139.219.171', 'Mozilla/5.0 (iPhone; CPU iPhone OS 18_6_2 like Mac OS X) AppleWebKit/605.1.15 (KHTML, like Gecko) Version/18.6 Mobile/15E148 Safari/604.1', '2026-01-07T14:14:19.772Z');
INSERT INTO "audit_logs" ("id", "entity_type", "entity_id", "action", "actor_id", "actor_role", "actor_name", "summary", "metadata", "ip_address", "user_agent", "occurred_at") VALUES ('47e06687-102d-4bb3-9895-e03424949d55', 'service', 'bbe5c66a-af03-4bf3-b6b7-a92f95e46b2d', 'created', NULL, 'employe', 'g.varlet@myjantes.com', 'Service "EQUILIBRAGE" créé avec workflow associé', '{"workflowId":"6f6ef236-3a9d-4035-8452-9a68a222c3f5"}'::jsonb, '35.243.160.31', 'Mozilla/5.0 (Windows NT 10.0; Win64; x64) AppleWebKit/537.36 (KHTML, like Gecko) Chrome/142.0.0.0 Safari/537.36', '2026-01-05T14:51:57.968Z');
INSERT INTO "audit_logs" ("id", "entity_type", "entity_id", "action", "actor_id", "actor_role", "actor_name", "summary", "metadata", "ip_address", "user_agent", "occurred_at") VALUES ('69bc0dc6-8290-4480-a201-dd1874024dd6', 'service', '5b6a6364-46fd-4d08-bc0d-1a75502dd778', 'created', NULL, 'employe', 'g.varlet@myjantes.com', 'Service "SOUDURE" créé avec workflow associé', '{"workflowId":"44f67d4d-232c-4962-ae25-985e7b70bd71"}'::jsonb, '34.23.182.216', 'Mozilla/5.0 (Windows NT 10.0; Win64; x64) AppleWebKit/537.36 (KHTML, like Gecko) Chrome/142.0.0.0 Safari/537.36', '2026-01-05T14:52:16.791Z');
INSERT INTO "audit_logs" ("id", "entity_type", "entity_id", "action", "actor_id", "actor_role", "actor_name", "summary", "metadata", "ip_address", "user_agent", "occurred_at") VALUES ('c4a03113-77e9-4aa5-9c38-8b1266ea8ea9', 'service', 'abc20b00-3bc7-4a7d-b342-76b58b5f428a', 'created', NULL, 'employe', 'g.varlet@myjantes.com', 'Service "MONTAGE PNEUS + EQUILIBRAGE" créé avec workflow associé', '{"workflowId":"bbaf80c3-890c-485b-a770-3f45e0fac133"}'::jsonb, '35.227.47.41', 'Mozilla/5.0 (Windows NT 10.0; Win64; x64) AppleWebKit/537.36 (KHTML, like Gecko) Chrome/142.0.0.0 Safari/537.36', '2026-01-05T14:52:38.639Z');
INSERT INTO "audit_logs" ("id", "entity_type", "entity_id", "action", "actor_id", "actor_role", "actor_name", "summary", "metadata", "ip_address", "user_agent", "occurred_at") VALUES ('226754fc-022f-488a-92e8-d9bebe770a2d', 'service', '7b55dfa9-cb9d-4269-8fb6-47dd8f0ea088', 'created', NULL, 'employe', 'g.varlet@myjantes.com', 'Service "RENOVATION JANTE BICOLORE 16 POUCE " créé avec workflow associé', '{"workflowId":"c313a5ba-5688-4e61-91ff-43cfcab36731"}'::jsonb, '35.227.47.41', 'Mozilla/5.0 (Windows NT 10.0; Win64; x64) AppleWebKit/537.36 (KHTML, like Gecko) Chrome/142.0.0.0 Safari/537.36', '2026-01-05T14:54:08.869Z');
INSERT INTO "audit_logs" ("id", "entity_type", "entity_id", "action", "actor_id", "actor_role", "actor_name", "summary", "metadata", "ip_address", "user_agent", "occurred_at") VALUES ('f45fdd08-106c-4ecc-979e-0a9421a0450c', 'service', '966fe1e1-d58e-45f4-91de-696bb94624ac', 'created', NULL, 'employe', 'g.varlet@myjantes.com', 'Service "RENOVATION JANTE 17 POUCE " créé avec workflow associé', '{"workflowId":"442dd39b-d683-43a9-b6f4-77a74dfb8a84"}'::jsonb, '35.227.47.41', 'Mozilla/5.0 (Windows NT 10.0; Win64; x64) AppleWebKit/537.36 (KHTML, like Gecko) Chrome/142.0.0.0 Safari/537.36', '2026-01-05T14:54:30.659Z');
INSERT INTO "audit_logs" ("id", "entity_type", "entity_id", "action", "actor_id", "actor_role", "actor_name", "summary", "metadata", "ip_address", "user_agent", "occurred_at") VALUES ('63f09d31-7a3c-49df-9a31-e3338d7f99b7', 'service', 'b5b8b2d8-e24d-487e-aabe-fbbadb8a335b', 'created', NULL, 'employe', 'g.varlet@myjantes.com', 'Service "RENOVATION JANTE 19 POUCE" créé avec workflow associé', '{"workflowId":"e0827f12-ca84-454e-bddc-47fbff3dfcb6"}'::jsonb, '34.23.182.216', 'Mozilla/5.0 (Windows NT 10.0; Win64; x64) AppleWebKit/537.36 (KHTML, like Gecko) Chrome/142.0.0.0 Safari/537.36', '2026-01-05T14:54:59.917Z');
INSERT INTO "audit_logs" ("id", "entity_type", "entity_id", "action", "actor_id", "actor_role", "actor_name", "summary", "metadata", "ip_address", "user_agent", "occurred_at") VALUES ('25ee847f-cb0b-423b-8a85-e1daee7da18f', 'service', '966fe1e1-d58e-45f4-91de-696bb94624ac', 'updated', NULL, 'employe', 'g.varlet@myjantes.com', 'Service "RENOVATION JANTE BICOLORE 17 POUCE " modifié', NULL, '34.23.182.216', 'Mozilla/5.0 (Windows NT 10.0; Win64; x64) AppleWebKit/537.36 (KHTML, like Gecko) Chrome/142.0.0.0 Safari/537.36', '2026-01-05T14:55:13.113Z');
INSERT INTO "audit_logs" ("id", "entity_type", "entity_id", "action", "actor_id", "actor_role", "actor_name", "summary", "metadata", "ip_address", "user_agent", "occurred_at") VALUES ('5e79774a-4b9c-4c1b-b26e-a6b0cea94cef', 'service', 'b5b8b2d8-e24d-487e-aabe-fbbadb8a335b', 'updated', NULL, 'employe', 'g.varlet@myjantes.com', 'Service "RENOVATION JANTE BICOLORE 19 POUCE" modifié', NULL, '35.227.47.41', 'Mozilla/5.0 (Windows NT 10.0; Win64; x64) AppleWebKit/537.36 (KHTML, like Gecko) Chrome/142.0.0.0 Safari/537.36', '2026-01-05T14:55:21.108Z');
INSERT INTO "audit_logs" ("id", "entity_type", "entity_id", "action", "actor_id", "actor_role", "actor_name", "summary", "metadata", "ip_address", "user_agent", "occurred_at") VALUES ('82b1dcf6-93a3-4a1e-ae0f-d14bbd3859a2', 'service', 'b216ef24-ba95-4a57-8f8a-8158e5b4d17d', 'created', NULL, 'employe', 'g.varlet@myjantes.com', 'Service "RENOVATION JANTE BICOLORE 20 POUCE" créé avec workflow associé', '{"workflowId":"0fd5bccc-e4e5-4b42-a320-6a96aa63d431"}'::jsonb, '34.139.219.171', 'Mozilla/5.0 (Windows NT 10.0; Win64; x64) AppleWebKit/537.36 (KHTML, like Gecko) Chrome/142.0.0.0 Safari/537.36', '2026-01-05T14:55:51.570Z');
INSERT INTO "audit_logs" ("id", "entity_type", "entity_id", "action", "actor_id", "actor_role", "actor_name", "summary", "metadata", "ip_address", "user_agent", "occurred_at") VALUES ('0438191b-ac8c-47b3-bdd1-22045573f1fb', 'service', '9c2f2d49-a2f3-4cff-9eac-2475984b89ae', 'created', NULL, 'employe', 'g.varlet@myjantes.com', 'Service "RENOVATION JANTE BICOLORE 21 POUCE" créé avec workflow associé', '{"workflowId":"f93bcfab-e1d7-4676-85ea-f19d77d66a31"}'::jsonb, '34.26.99.240', 'Mozilla/5.0 (Windows NT 10.0; Win64; x64) AppleWebKit/537.36 (KHTML, like Gecko) Chrome/142.0.0.0 Safari/537.36', '2026-01-05T14:56:23.716Z');
INSERT INTO "audit_logs" ("id", "entity_type", "entity_id", "action", "actor_id", "actor_role", "actor_name", "summary", "metadata", "ip_address", "user_agent", "occurred_at") VALUES ('f2dc1481-3220-4497-af17-f2d2c86e5f20', 'service', '5a83f452-cdfd-4b6b-a221-a4f2ee4fd16c', 'created', NULL, 'employe', 'g.varlet@myjantes.com', 'Service "RENOVATION JANTE UNICOLOR 16,17,18 POUCE " créé avec workflow associé', '{"workflowId":"8baf1e93-9226-41f3-87e2-431956615672"}'::jsonb, '34.75.119.55', 'Mozilla/5.0 (Windows NT 10.0; Win64; x64) AppleWebKit/537.36 (KHTML, like Gecko) Chrome/142.0.0.0 Safari/537.36', '2026-01-05T14:59:38.138Z');
INSERT INTO "audit_logs" ("id", "entity_type", "entity_id", "action", "actor_id", "actor_role", "actor_name", "summary", "metadata", "ip_address", "user_agent", "occurred_at") VALUES ('0f878f39-49f8-4a64-a7bc-bfaa5352292d', 'service', '9614fb1b-a952-49ec-9135-8c2c529e4440', 'created', NULL, 'employe', 'g.varlet@myjantes.com', 'Service "RENOVATION JANTE UNICOLOR 19,20,21" créé avec workflow associé', '{"workflowId":"4b7326e3-82b4-435a-80d3-6db1fa882fa5"}'::jsonb, '34.139.219.171', 'Mozilla/5.0 (Windows NT 10.0; Win64; x64) AppleWebKit/537.36 (KHTML, like Gecko) Chrome/142.0.0.0 Safari/537.36', '2026-01-05T15:00:19.668Z');
INSERT INTO "audit_logs" ("id", "entity_type", "entity_id", "action", "actor_id", "actor_role", "actor_name", "summary", "metadata", "ip_address", "user_agent", "occurred_at") VALUES ('5d1bd1ad-b022-4a57-b06e-96b39f396b69', 'service', '5a83f452-cdfd-4b6b-a221-a4f2ee4fd16c', 'updated', NULL, 'employe', 'g.varlet@myjantes.com', 'Service "RENOVATION JANTE UNICOLOR 16,17,18 POUCE " modifié', NULL, '35.243.160.31', 'Mozilla/5.0 (Windows NT 10.0; Win64; x64) AppleWebKit/537.36 (KHTML, like Gecko) Chrome/142.0.0.0 Safari/537.36', '2026-01-05T15:00:27.793Z');
INSERT INTO "audit_logs" ("id", "entity_type", "entity_id", "action", "actor_id", "actor_role", "actor_name", "summary", "metadata", "ip_address", "user_agent", "occurred_at") VALUES ('9437741e-49af-40fa-b887-5218e4f610a3', 'quote', '6d234f5d-5589-4daf-a9db-5f42455b2df0', 'validated', '7a05001e-9618-4062-8565-f07afcab193e', 'admin', 'admin@myjantes.fr', 'Devis validé', NULL, '34.75.119.55', 'Mozilla/5.0 (iPhone; CPU iPhone OS 18_6_2 like Mac OS X) AppleWebKit/605.1.15 (KHTML, like Gecko) Version/18.6 Mobile/15E148 Safari/604.1', '2026-01-07T14:15:20.802Z');
INSERT INTO "audit_logs" ("id", "entity_type", "entity_id", "action", "actor_id", "actor_role", "actor_name", "summary", "metadata", "ip_address", "user_agent", "occurred_at") VALUES ('265c7ae8-3ea2-498a-8ec1-67f87ae9b244', 'quote', '6d234f5d-5589-4daf-a9db-5f42455b2df0', 'updated', '7a05001e-9618-4062-8565-f07afcab193e', 'admin', 'admin@myjantes.fr', 'Devis envoyé par email à test@example.com', '{"emailTo":"test@example.com","messageId":"5236ad5e-05b1-45e8-9db2-db1fad747125"}'::jsonb, '34.139.219.171', 'Mozilla/5.0 (iPhone; CPU iPhone OS 18_6_2 like Mac OS X) AppleWebKit/605.1.15 (KHTML, like Gecko) Version/18.6 Mobile/15E148 Safari/604.1', '2026-01-07T14:15:30.129Z');
INSERT INTO "audit_logs" ("id", "entity_type", "entity_id", "action", "actor_id", "actor_role", "actor_name", "summary", "metadata", "ip_address", "user_agent", "occurred_at") VALUES ('7b12c2f1-4034-4622-9966-3628074f3162', 'quote', '6d234f5d-5589-4daf-a9db-5f42455b2df0', 'updated', '7a05001e-9618-4062-8565-f07afcab193e', 'admin', 'admin@myjantes.fr', 'Devis modifié', NULL, '34.26.99.240', 'Mozilla/5.0 (iPhone; CPU iPhone OS 18_6_2 like Mac OS X) AppleWebKit/605.1.15 (KHTML, like Gecko) Version/18.6 Mobile/15E148 Safari/604.1', '2026-01-07T14:15:51.839Z');
INSERT INTO "audit_logs" ("id", "entity_type", "entity_id", "action", "actor_id", "actor_role", "actor_name", "summary", "metadata", "ip_address", "user_agent", "occurred_at") VALUES ('ae65203a-3205-47c3-bb9b-b4ff1c916dd4', 'quote', '6d234f5d-5589-4daf-a9db-5f42455b2df0', 'updated', '7a05001e-9618-4062-8565-f07afcab193e', 'admin', 'admin@myjantes.fr', 'Devis modifié', NULL, '34.139.219.171', 'Mozilla/5.0 (iPhone; CPU iPhone OS 18_6_2 like Mac OS X) AppleWebKit/605.1.15 (KHTML, like Gecko) Version/18.6 Mobile/15E148 Safari/604.1', '2026-01-07T14:15:52.537Z');
INSERT INTO "audit_logs" ("id", "entity_type", "entity_id", "action", "actor_id", "actor_role", "actor_name", "summary", "metadata", "ip_address", "user_agent", "occurred_at") VALUES ('d6f4c262-e33d-4296-a42f-751e5a98cb77', 'quote', '6d234f5d-5589-4daf-a9db-5f42455b2df0', 'rejected', '7a05001e-9618-4062-8565-f07afcab193e', 'admin', 'admin@myjantes.fr', 'Devis refusé', NULL, '34.139.219.171', 'Mozilla/5.0 (iPhone; CPU iPhone OS 18_6_2 like Mac OS X) AppleWebKit/605.1.15 (KHTML, like Gecko) Version/18.6 Mobile/15E148 Safari/604.1', '2026-01-07T14:16:14.270Z');
INSERT INTO "audit_logs" ("id", "entity_type", "entity_id", "action", "actor_id", "actor_role", "actor_name", "summary", "metadata", "ip_address", "user_agent", "occurred_at") VALUES ('18eb1443-3dcf-42c1-bf45-2c918f4723fe', 'quote', 'b31fa14e-e738-4a0e-8c27-3103a4097e41', 'created', '7a05001e-9618-4062-8565-f07afcab193e', 'admin', 'admin@myjantes.fr', 'Devis créé par l''administrateur', '{"clientId":"bd1db00a-bb60-4818-8479-7f65853b8bdf","servicesCount":5}'::jsonb, '34.139.219.171', 'Mozilla/5.0 (iPhone; CPU iPhone OS 18_6_2 like Mac OS X) AppleWebKit/605.1.15 (KHTML, like Gecko) Version/18.6 Mobile/15E148 Safari/604.1', '2026-01-07T14:17:39.431Z');
INSERT INTO "audit_logs" ("id", "entity_type", "entity_id", "action", "actor_id", "actor_role", "actor_name", "summary", "metadata", "ip_address", "user_agent", "occurred_at") VALUES ('562746e7-b541-472a-aad5-a6bc21bc9180', 'quote', 'b31fa14e-e738-4a0e-8c27-3103a4097e41', 'validated', '7a05001e-9618-4062-8565-f07afcab193e', 'admin', 'admin@myjantes.fr', 'Devis validé', NULL, '34.139.219.171', 'Mozilla/5.0 (iPhone; CPU iPhone OS 18_6_2 like Mac OS X) AppleWebKit/605.1.15 (KHTML, like Gecko) Version/18.6 Mobile/15E148 Safari/604.1', '2026-01-07T14:18:08.132Z');
INSERT INTO "audit_logs" ("id", "entity_type", "entity_id", "action", "actor_id", "actor_role", "actor_name", "summary", "metadata", "ip_address", "user_agent", "occurred_at") VALUES ('09b8946e-678c-4f52-bae5-f64b586fcb4c', 'quote', 'b31fa14e-e738-4a0e-8c27-3103a4097e41', 'updated', '7a05001e-9618-4062-8565-f07afcab193e', 'admin', 'admin@myjantes.fr', 'Devis envoyé par email à frederic.bogaert@live.fr', '{"emailTo":"frederic.bogaert@live.fr","messageId":"955c5a8d-2993-4245-b137-0418652167d3"}'::jsonb, '34.139.219.171', 'Mozilla/5.0 (iPhone; CPU iPhone OS 18_6_2 like Mac OS X) AppleWebKit/605.1.15 (KHTML, like Gecko) Version/18.6 Mobile/15E148 Safari/604.1', '2026-01-07T14:18:46.362Z');
INSERT INTO "audit_logs" ("id", "entity_type", "entity_id", "action", "actor_id", "actor_role", "actor_name", "summary", "metadata", "ip_address", "user_agent", "occurred_at") VALUES ('8368717e-f5e0-4058-b718-1b6735f2a0d4', 'quote', 'b31fa14e-e738-4a0e-8c27-3103a4097e41', 'updated', '7a05001e-9618-4062-8565-f07afcab193e', 'admin', 'admin@myjantes.fr', 'Devis envoyé par email à frederic.bogaert@live.fr', '{"emailTo":"frederic.bogaert@live.fr","messageId":"46bc6faf-b5ef-4876-b2c1-4067cdaeb658"}'::jsonb, '35.227.47.41', 'Mozilla/5.0 (Linux; Android 10; K) AppleWebKit/537.36 (KHTML, like Gecko) Chrome/141.0.0.0 Mobile Safari/537.36', '2026-01-08T07:46:51.473Z');
INSERT INTO "audit_logs" ("id", "entity_type", "entity_id", "action", "actor_id", "actor_role", "actor_name", "summary", "metadata", "ip_address", "user_agent", "occurred_at") VALUES ('49834637-c1d3-4788-8df0-4d8ea21331db', 'quote', 'cbf4f27a-35cd-46e9-8a87-b3f65fa5fd73', 'created', '7a05001e-9618-4062-8565-f07afcab193e', 'admin', 'admin@myjantes.fr', 'Devis créé par l''administrateur', '{"clientId":"9b3a366c-50d1-47df-bd23-912addea26c4","servicesCount":1}'::jsonb, '35.231.177.91', 'Mozilla/5.0 (Linux; Android 10; K) AppleWebKit/537.36 (KHTML, like Gecko) Chrome/141.0.0.0 Mobile Safari/537.36', '2026-01-08T07:48:42.572Z');
INSERT INTO "audit_logs" ("id", "entity_type", "entity_id", "action", "actor_id", "actor_role", "actor_name", "summary", "metadata", "ip_address", "user_agent", "occurred_at") VALUES ('dad7a25b-a139-4e17-8ff2-76ac2d8baf6c', 'quote', 'cbf4f27a-35cd-46e9-8a87-b3f65fa5fd73', 'validated', '7a05001e-9618-4062-8565-f07afcab193e', 'admin', 'admin@myjantes.fr', 'Devis validé', NULL, '34.139.219.171', 'Mozilla/5.0 (Linux; Android 10; K) AppleWebKit/537.36 (KHTML, like Gecko) Chrome/141.0.0.0 Mobile Safari/537.36', '2026-01-08T07:48:46.896Z');
INSERT INTO "audit_logs" ("id", "entity_type", "entity_id", "action", "actor_id", "actor_role", "actor_name", "summary", "metadata", "ip_address", "user_agent", "occurred_at") VALUES ('cf88b7e3-9834-4f28-bad5-b3e8b6423e37', 'quote', 'cbf4f27a-35cd-46e9-8a87-b3f65fa5fd73', 'updated', '7a05001e-9618-4062-8565-f07afcab193e', 'admin', 'admin@myjantes.fr', 'Devis envoyé par email à r.belmahi@gmail.com', '{"emailTo":"r.belmahi@gmail.com","messageId":"2e619f4f-bbaa-4cec-ba88-6073e8967daa"}'::jsonb, '34.75.119.55', 'Mozilla/5.0 (Linux; Android 10; K) AppleWebKit/537.36 (KHTML, like Gecko) Chrome/141.0.0.0 Mobile Safari/537.36', '2026-01-08T07:48:51.546Z');
INSERT INTO "audit_logs" ("id", "entity_type", "entity_id", "action", "actor_id", "actor_role", "actor_name", "summary", "metadata", "ip_address", "user_agent", "occurred_at") VALUES ('74025c80-63e2-4b57-b614-864fde5d417c', 'invoice', 'bfdaa75c-9191-43c2-9ef8-17870db20f96', 'updated', '7a05001e-9618-4062-8565-f07afcab193e', 'admin', 'admin@myjantes.fr', 'Facture envoyée par email à r.belmahi@gmail.com', '{"emailTo":"r.belmahi@gmail.com","messageId":"b6bdb270-b596-4193-8261-062f1363bc0a"}'::jsonb, '35.231.177.91', 'Mozilla/5.0 (Linux; Android 10; K) AppleWebKit/537.36 (KHTML, like Gecko) Chrome/141.0.0.0 Mobile Safari/537.36', '2026-01-08T07:49:17.997Z');
INSERT INTO "audit_logs" ("id", "entity_type", "entity_id", "action", "actor_id", "actor_role", "actor_name", "summary", "metadata", "ip_address", "user_agent", "occurred_at") VALUES ('6f5706ec-2937-4f21-aec7-677b2c0bdf64', 'invoice', 'bfdaa75c-9191-43c2-9ef8-17870db20f96', 'paid', '7a05001e-9618-4062-8565-f07afcab193e', 'admin', 'admin@myjantes.fr', 'Facture marquée comme payée', NULL, '34.26.99.240', 'Mozilla/5.0 (Linux; Android 10; K) AppleWebKit/537.36 (KHTML, like Gecko) Chrome/141.0.0.0 Mobile Safari/537.36', '2026-01-08T07:49:25.682Z');
INSERT INTO "audit_logs" ("id", "entity_type", "entity_id", "action", "actor_id", "actor_role", "actor_name", "summary", "metadata", "ip_address", "user_agent", "occurred_at") VALUES ('d6dadafb-160c-447e-8931-6899caea11f8', 'invoice', 'bfdaa75c-9191-43c2-9ef8-17870db20f96', 'updated', '7a05001e-9618-4062-8565-f07afcab193e', 'admin', 'admin@myjantes.fr', 'Facture envoyée par email à r.belmahi@gmail.com', '{"emailTo":"r.belmahi@gmail.com","messageId":"48700a72-fd7a-4b34-91a0-091cfee36ae2"}'::jsonb, '34.26.99.240', 'Mozilla/5.0 (Linux; Android 10; K) AppleWebKit/537.36 (KHTML, like Gecko) Chrome/141.0.0.0 Mobile Safari/537.36', '2026-01-08T07:49:29.829Z');
INSERT INTO "audit_logs" ("id", "entity_type", "entity_id", "action", "actor_id", "actor_role", "actor_name", "summary", "metadata", "ip_address", "user_agent", "occurred_at") VALUES ('e33357af-2a40-4a2e-8f13-f28378e34783', 'quote', '5a2c5594-fef8-4968-8156-f408cf92c070', 'created', '311990cb-9c44-4631-a4b2-a2c6377a7861', 'admin', 'g.varlet@myjantes.com', 'Devis créé par l''administrateur', '{"clientId":"7958b339-5899-4bc6-aa93-5398e20644cc","servicesCount":1}'::jsonb, '35.227.15.160', 'Mozilla/5.0 (Windows NT 10.0; Win64; x64) AppleWebKit/537.36 (KHTML, like Gecko) Chrome/143.0.0.0 Safari/537.36', '2026-01-08T15:17:41.626Z');
INSERT INTO "audit_logs" ("id", "entity_type", "entity_id", "action", "actor_id", "actor_role", "actor_name", "summary", "metadata", "ip_address", "user_agent", "occurred_at") VALUES ('dc6578e6-b4ab-4552-9311-db788d35848c', 'quote', '5a2c5594-fef8-4968-8156-f408cf92c070', 'validated', '311990cb-9c44-4631-a4b2-a2c6377a7861', 'admin', 'g.varlet@myjantes.com', 'Devis validé', NULL, '34.74.106.240', 'Mozilla/5.0 (Windows NT 10.0; Win64; x64) AppleWebKit/537.36 (KHTML, like Gecko) Chrome/143.0.0.0 Safari/537.36', '2026-01-08T15:18:09.826Z');
INSERT INTO "audit_logs" ("id", "entity_type", "entity_id", "action", "actor_id", "actor_role", "actor_name", "summary", "metadata", "ip_address", "user_agent", "occurred_at") VALUES ('5d364c25-6f6c-433f-974c-96f00c2cd7db', 'quote', 'd824ae39-269a-4326-9861-640c1cc922c3', 'created', '7a05001e-9618-4062-8565-f07afcab193e', 'admin', 'admin@myjantes.fr', 'Devis créé par l''administrateur', '{"clientId":"c8dab40b-f42d-4acf-a22d-b42f038c2e4f","servicesCount":5}'::jsonb, '35.231.177.91', 'Mozilla/5.0 (Linux; Android 10; K) AppleWebKit/537.36 (KHTML, like Gecko) Chrome/141.0.0.0 Mobile Safari/537.36', '2026-01-09T01:19:45.140Z');
INSERT INTO "audit_logs" ("id", "entity_type", "entity_id", "action", "actor_id", "actor_role", "actor_name", "summary", "metadata", "ip_address", "user_agent", "occurred_at") VALUES ('a7acdc51-b579-4ed7-b3d0-d34c8cab96e2', 'quote', 'd824ae39-269a-4326-9861-640c1cc922c3', 'validated', '7a05001e-9618-4062-8565-f07afcab193e', 'admin', 'admin@myjantes.fr', 'Devis validé', NULL, '34.75.119.55', 'Mozilla/5.0 (Linux; Android 10; K) AppleWebKit/537.36 (KHTML, like Gecko) Chrome/141.0.0.0 Mobile Safari/537.36', '2026-01-09T01:19:49.485Z');
INSERT INTO "audit_logs" ("id", "entity_type", "entity_id", "action", "actor_id", "actor_role", "actor_name", "summary", "metadata", "ip_address", "user_agent", "occurred_at") VALUES ('b5e09e1d-2946-48be-b163-e1d00d6eea7e', 'quote', 'd824ae39-269a-4326-9861-640c1cc922c3', 'updated', '7a05001e-9618-4062-8565-f07afcab193e', 'admin', 'admin@myjantes.fr', 'Devis envoyé par email à myjantespwa@gmail.com (CC: rbelmahi90@gmail.com, r.belmahi@gmail.com, admin@myjantes.fr)', '{"cc":["rbelmahi90@gmail.com","r.belmahi@gmail.com","admin@myjantes.fr"],"emailTo":"myjantespwa@gmail.com","messageId":"2272cc05-07c3-4bbc-8840-e2522244524e"}'::jsonb, '34.139.219.171', 'Mozilla/5.0 (Linux; Android 10; K) AppleWebKit/537.36 (KHTML, like Gecko) Chrome/141.0.0.0 Mobile Safari/537.36', '2026-01-09T01:20:20.596Z');
INSERT INTO "audit_logs" ("id", "entity_type", "entity_id", "action", "actor_id", "actor_role", "actor_name", "summary", "metadata", "ip_address", "user_agent", "occurred_at") VALUES ('2d073c58-3fc5-4ed8-a5bd-23fdc085cc5a', 'invoice', '77a9f4ff-81da-4723-a819-e6f5285891e2', 'updated', '7a05001e-9618-4062-8565-f07afcab193e', 'admin', 'admin@myjantes.fr', 'Facture envoyée par email à myjantespwa@gmail.com', '{"emailTo":"myjantespwa@gmail.com","messageId":"5310e42e-8a0c-4f1a-a03e-a63e378edbd0"}'::jsonb, '34.139.219.171', 'Mozilla/5.0 (Linux; Android 10; K) AppleWebKit/537.36 (KHTML, like Gecko) Chrome/141.0.0.0 Mobile Safari/537.36', '2026-01-09T01:20:53.203Z');
INSERT INTO "audit_logs" ("id", "entity_type", "entity_id", "action", "actor_id", "actor_role", "actor_name", "summary", "metadata", "ip_address", "user_agent", "occurred_at") VALUES ('2f10adca-b8ce-495f-9982-a1969165ab35', 'quote', '747d7812-81f1-495a-8a06-087ab11a2020', 'created', '311990cb-9c44-4631-a4b2-a2c6377a7861', 'admin', 'g.varlet@myjantes.com', 'Devis créé par l''administrateur', '{"clientId":"c06aee3e-0770-445f-ab09-10b6f14e5a2d","servicesCount":1}'::jsonb, '35.231.177.91', 'Mozilla/5.0 (Windows NT 10.0; Win64; x64) AppleWebKit/537.36 (KHTML, like Gecko) Chrome/143.0.0.0 Safari/537.36', '2026-01-09T08:29:19.048Z');
INSERT INTO "audit_logs" ("id", "entity_type", "entity_id", "action", "actor_id", "actor_role", "actor_name", "summary", "metadata", "ip_address", "user_agent", "occurred_at") VALUES ('61fc5b96-d524-4186-958a-54be260cdb31', 'quote', '747d7812-81f1-495a-8a06-087ab11a2020', 'validated', '311990cb-9c44-4631-a4b2-a2c6377a7861', 'admin', 'g.varlet@myjantes.com', 'Devis validé', NULL, '35.231.177.91', 'Mozilla/5.0 (Windows NT 10.0; Win64; x64) AppleWebKit/537.36 (KHTML, like Gecko) Chrome/143.0.0.0 Safari/537.36', '2026-01-09T08:29:53.182Z');
INSERT INTO "audit_logs" ("id", "entity_type", "entity_id", "action", "actor_id", "actor_role", "actor_name", "summary", "metadata", "ip_address", "user_agent", "occurred_at") VALUES ('a953b3a8-b657-4181-9947-01257250d300', 'service', 'b5b8b2d8-e24d-487e-aabe-fbbadb8a335b', 'updated', '311990cb-9c44-4631-a4b2-a2c6377a7861', 'admin', 'g.varlet@myjantes.com', 'Service "RENOVATION JANTE BICOLORE 19 POUCE" modifié', NULL, '35.243.129.130', 'Mozilla/5.0 (Windows NT 10.0; Win64; x64) AppleWebKit/537.36 (KHTML, like Gecko) Chrome/143.0.0.0 Safari/537.36', '2026-01-09T08:33:20.552Z');
INSERT INTO "audit_logs" ("id", "entity_type", "entity_id", "action", "actor_id", "actor_role", "actor_name", "summary", "metadata", "ip_address", "user_agent", "occurred_at") VALUES ('a9609bc4-79bb-4b6c-98cc-012ab357a6b9', 'service', '9614fb1b-a952-49ec-9135-8c2c529e4440', 'updated', '311990cb-9c44-4631-a4b2-a2c6377a7861', 'admin', 'g.varlet@myjantes.com', 'Service "RENOVATION JANTE UNICOLOR 19,20,21" modifié', NULL, '35.227.15.160', 'Mozilla/5.0 (Windows NT 10.0; Win64; x64) AppleWebKit/537.36 (KHTML, like Gecko) Chrome/143.0.0.0 Safari/537.36', '2026-01-09T08:33:39.052Z');
INSERT INTO "audit_logs" ("id", "entity_type", "entity_id", "action", "actor_id", "actor_role", "actor_name", "summary", "metadata", "ip_address", "user_agent", "occurred_at") VALUES ('a43145e1-8229-437b-ad65-6395a50dde42', 'service', '9c2f2d49-a2f3-4cff-9eac-2475984b89ae', 'updated', '311990cb-9c44-4631-a4b2-a2c6377a7861', 'admin', 'g.varlet@myjantes.com', 'Service "RENOVATION JANTE BICOLORE 21 POUCE" modifié', NULL, '35.243.160.31', 'Mozilla/5.0 (Windows NT 10.0; Win64; x64) AppleWebKit/537.36 (KHTML, like Gecko) Chrome/143.0.0.0 Safari/537.36', '2026-01-09T08:37:23.757Z');
INSERT INTO "audit_logs" ("id", "entity_type", "entity_id", "action", "actor_id", "actor_role", "actor_name", "summary", "metadata", "ip_address", "user_agent", "occurred_at") VALUES ('f61deac9-b16e-4f66-b42c-b2354355d7db', 'service', 'b216ef24-ba95-4a57-8f8a-8158e5b4d17d', 'updated', '311990cb-9c44-4631-a4b2-a2c6377a7861', 'admin', 'g.varlet@myjantes.com', 'Service "RENOVATION JANTE BICOLORE 20 POUCE" modifié', NULL, '34.23.182.216', 'Mozilla/5.0 (Windows NT 10.0; Win64; x64) AppleWebKit/537.36 (KHTML, like Gecko) Chrome/143.0.0.0 Safari/537.36', '2026-01-09T08:37:50.893Z');
INSERT INTO "audit_logs" ("id", "entity_type", "entity_id", "action", "actor_id", "actor_role", "actor_name", "summary", "metadata", "ip_address", "user_agent", "occurred_at") VALUES ('83f9c48a-7555-484e-addb-bfa5be3fe1bf', 'service', '5a83f452-cdfd-4b6b-a221-a4f2ee4fd16c', 'updated', '311990cb-9c44-4631-a4b2-a2c6377a7861', 'admin', 'g.varlet@myjantes.com', 'Service "RENOVATION JANTE UNICOLOR 16,17,18 POUCE " modifié', NULL, '35.227.15.160', 'Mozilla/5.0 (Windows NT 10.0; Win64; x64) AppleWebKit/537.36 (KHTML, like Gecko) Chrome/143.0.0.0 Safari/537.36', '2026-01-09T08:39:40.587Z');
INSERT INTO "audit_logs" ("id", "entity_type", "entity_id", "action", "actor_id", "actor_role", "actor_name", "summary", "metadata", "ip_address", "user_agent", "occurred_at") VALUES ('0f801350-9a3f-4d74-bb47-79dc445e9d73', 'service', '966fe1e1-d58e-45f4-91de-696bb94624ac', 'updated', '311990cb-9c44-4631-a4b2-a2c6377a7861', 'admin', 'g.varlet@myjantes.com', 'Service "RENOVATION JANTE BICOLORE 17 POUCE " modifié', NULL, '35.227.15.160', 'Mozilla/5.0 (Windows NT 10.0; Win64; x64) AppleWebKit/537.36 (KHTML, like Gecko) Chrome/143.0.0.0 Safari/537.36', '2026-01-09T08:39:53.318Z');
INSERT INTO "audit_logs" ("id", "entity_type", "entity_id", "action", "actor_id", "actor_role", "actor_name", "summary", "metadata", "ip_address", "user_agent", "occurred_at") VALUES ('9569bb92-df33-4445-94e7-18de52bba20f', 'service', 'abc20b00-3bc7-4a7d-b342-76b58b5f428a', 'updated', '311990cb-9c44-4631-a4b2-a2c6377a7861', 'admin', 'g.varlet@myjantes.com', 'Service "MONTAGE PNEUS + EQUILIBRAGE" modifié', NULL, '35.243.160.31', 'Mozilla/5.0 (Windows NT 10.0; Win64; x64) AppleWebKit/537.36 (KHTML, like Gecko) Chrome/143.0.0.0 Safari/537.36', '2026-01-09T08:42:49.901Z');
INSERT INTO "audit_logs" ("id", "entity_type", "entity_id", "action", "actor_id", "actor_role", "actor_name", "summary", "metadata", "ip_address", "user_agent", "occurred_at") VALUES ('e568028e-6a8b-4272-ac9d-78fc4ee0707c', 'service', 'bbe5c66a-af03-4bf3-b6b7-a92f95e46b2d', 'updated', '311990cb-9c44-4631-a4b2-a2c6377a7861', 'admin', 'g.varlet@myjantes.com', 'Service "EQUILIBRAGE" modifié', NULL, '35.243.160.31', 'Mozilla/5.0 (Windows NT 10.0; Win64; x64) AppleWebKit/537.36 (KHTML, like Gecko) Chrome/143.0.0.0 Safari/537.36', '2026-01-09T08:43:07.471Z');
INSERT INTO "audit_logs" ("id", "entity_type", "entity_id", "action", "actor_id", "actor_role", "actor_name", "summary", "metadata", "ip_address", "user_agent", "occurred_at") VALUES ('520dbba2-d3c3-466f-beef-df38f0f2e05d', 'quote', 'b9464228-9526-42d5-9602-54e9e63a1c89', 'created', '311990cb-9c44-4631-a4b2-a2c6377a7861', 'admin', 'g.varlet@myjantes.com', 'Devis créé par l''administrateur', '{"clientId":"69c31f37-e706-4562-923b-ba58ada566f7","servicesCount":1}'::jsonb, '35.231.177.91', 'Mozilla/5.0 (Windows NT 10.0; Win64; x64) AppleWebKit/537.36 (KHTML, like Gecko) Chrome/143.0.0.0 Safari/537.36', '2026-01-09T12:37:14.766Z');
INSERT INTO "audit_logs" ("id", "entity_type", "entity_id", "action", "actor_id", "actor_role", "actor_name", "summary", "metadata", "ip_address", "user_agent", "occurred_at") VALUES ('5a82a419-b45f-494f-8878-9a2f924b76c8', 'quote', 'b9464228-9526-42d5-9602-54e9e63a1c89', 'validated', '311990cb-9c44-4631-a4b2-a2c6377a7861', 'admin', 'g.varlet@myjantes.com', 'Devis validé', NULL, '34.139.219.171', 'Mozilla/5.0 (Windows NT 10.0; Win64; x64) AppleWebKit/537.36 (KHTML, like Gecko) Chrome/143.0.0.0 Safari/537.36', '2026-01-09T12:37:20.197Z');
INSERT INTO "audit_logs" ("id", "entity_type", "entity_id", "action", "actor_id", "actor_role", "actor_name", "summary", "metadata", "ip_address", "user_agent", "occurred_at") VALUES ('571aa8ad-5e17-4797-9127-d0b7fa99ff18', 'quote', 'def187e1-071b-4d33-b203-e3b52fd646a5', 'created', '7a05001e-9618-4062-8565-f07afcab193e', 'admin', 'admin@myjantes.fr', 'Devis créé par l''administrateur', '{"clientId":"5871e454-6a69-44d1-93d3-1f904ee041c9","servicesCount":1}'::jsonb, '35.243.129.130', 'Mozilla/5.0 (Linux; Android 10; K) AppleWebKit/537.36 (KHTML, like Gecko) Chrome/141.0.0.0 Mobile Safari/537.36', '2026-01-09T14:23:04.565Z');
INSERT INTO "audit_logs" ("id", "entity_type", "entity_id", "action", "actor_id", "actor_role", "actor_name", "summary", "metadata", "ip_address", "user_agent", "occurred_at") VALUES ('7024c100-ca13-4494-8813-e4babeceafc0', 'quote', 'def187e1-071b-4d33-b203-e3b52fd646a5', 'validated', '7a05001e-9618-4062-8565-f07afcab193e', 'admin', 'admin@myjantes.fr', 'Devis validé', NULL, '35.227.15.160', 'Mozilla/5.0 (Linux; Android 10; K) AppleWebKit/537.36 (KHTML, like Gecko) Chrome/141.0.0.0 Mobile Safari/537.36', '2026-01-09T14:23:08.802Z');
INSERT INTO "audit_logs" ("id", "entity_type", "entity_id", "action", "actor_id", "actor_role", "actor_name", "summary", "metadata", "ip_address", "user_agent", "occurred_at") VALUES ('aaef3fec-38a6-4ee6-bf46-013883528324', 'quote', '0aed839f-1700-402a-906a-34c40e7b430c', 'created', '7a05001e-9618-4062-8565-f07afcab193e', 'admin', 'admin@myjantes.fr', 'Devis créé par l''administrateur', '{"clientId":"328fec05-2afe-41dc-a101-71bbb4c96560","servicesCount":2}'::jsonb, '34.74.106.240', 'Mozilla/5.0 (iPhone; CPU iPhone OS 18_6_2 like Mac OS X) AppleWebKit/605.1.15 (KHTML, like Gecko) Version/18.6 Mobile/15E148 Safari/604.1', '2026-01-09T14:25:27.419Z');
INSERT INTO "audit_logs" ("id", "entity_type", "entity_id", "action", "actor_id", "actor_role", "actor_name", "summary", "metadata", "ip_address", "user_agent", "occurred_at") VALUES ('30e25abb-dca5-4c14-ab17-338bc11c37d7', 'quote', '0aed839f-1700-402a-906a-34c40e7b430c', 'validated', '7a05001e-9618-4062-8565-f07afcab193e', 'admin', 'admin@myjantes.fr', 'Devis validé', NULL, '35.243.129.130', 'Mozilla/5.0 (iPhone; CPU iPhone OS 18_6_2 like Mac OS X) AppleWebKit/605.1.15 (KHTML, like Gecko) Version/18.6 Mobile/15E148 Safari/604.1', '2026-01-09T14:25:33.733Z');
INSERT INTO "audit_logs" ("id", "entity_type", "entity_id", "action", "actor_id", "actor_role", "actor_name", "summary", "metadata", "ip_address", "user_agent", "occurred_at") VALUES ('6fadd7b4-3937-4b2e-bf61-b518db70ee6b', 'quote', '0aed839f-1700-402a-906a-34c40e7b430c', 'updated', '7a05001e-9618-4062-8565-f07afcab193e', 'admin', 'admin@myjantes.fr', 'Devis envoyé par email à contact@myjantes.com', '{"cc":[],"emailTo":"contact@myjantes.com","messageId":"53c9b362-9d7e-45e3-8db1-c8e5884a5952"}'::jsonb, '35.243.129.130', 'Mozilla/5.0 (iPhone; CPU iPhone OS 18_6_2 like Mac OS X) AppleWebKit/605.1.15 (KHTML, like Gecko) Version/18.6 Mobile/15E148 Safari/604.1', '2026-01-09T14:26:39.195Z');
INSERT INTO "audit_logs" ("id", "entity_type", "entity_id", "action", "actor_id", "actor_role", "actor_name", "summary", "metadata", "ip_address", "user_agent", "occurred_at") VALUES ('680707b0-7233-41f5-b88c-2ea7c9244744', 'reservation', 'd780fe2d-8e07-425b-9b45-d7356eff6aa1', 'updated', '7a05001e-9618-4062-8565-f07afcab193e', 'admin', 'admin@myjantes.fr', 'Réservation mise à jour', NULL, '35.231.177.91', 'Mozilla/5.0 (Windows NT 10.0; Win64; x64) AppleWebKit/537.36 (KHTML, like Gecko) Chrome/143.0.0.0 Safari/537.36', '2026-01-09T15:02:23.454Z');
INSERT INTO "audit_logs" ("id", "entity_type", "entity_id", "action", "actor_id", "actor_role", "actor_name", "summary", "metadata", "ip_address", "user_agent", "occurred_at") VALUES ('8b38be12-e5f4-474d-8d61-4b7f4c1deea5', 'quote', 'bbce2b26-df43-4c63-b5ae-e701ed2a05eb', 'created', '7a05001e-9618-4062-8565-f07afcab193e', 'admin', 'admin@myjantes.fr', 'Devis créé par l''administrateur', '{"clientId":"9b3a366c-50d1-47df-bd23-912addea26c4","servicesCount":1}'::jsonb, '34.23.182.216', 'Mozilla/5.0 (Linux; Android 10; K) AppleWebKit/537.36 (KHTML, like Gecko) Chrome/141.0.0.0 Mobile Safari/537.36', '2026-01-10T15:07:15.492Z');
INSERT INTO "audit_logs" ("id", "entity_type", "entity_id", "action", "actor_id", "actor_role", "actor_name", "summary", "metadata", "ip_address", "user_agent", "occurred_at") VALUES ('bcdb46b1-d4b5-481b-b726-5b46bf04bd5e', 'quote', 'bbce2b26-df43-4c63-b5ae-e701ed2a05eb', 'validated', '7a05001e-9618-4062-8565-f07afcab193e', 'admin', 'admin@myjantes.fr', 'Devis validé', NULL, '35.243.160.31', 'Mozilla/5.0 (Linux; Android 10; K) AppleWebKit/537.36 (KHTML, like Gecko) Chrome/141.0.0.0 Mobile Safari/537.36', '2026-01-10T15:07:20.437Z');
INSERT INTO "audit_logs" ("id", "entity_type", "entity_id", "action", "actor_id", "actor_role", "actor_name", "summary", "metadata", "ip_address", "user_agent", "occurred_at") VALUES ('aa70ef27-0a7c-44d0-a80b-1800f41d1e8a', 'quote', 'bbce2b26-df43-4c63-b5ae-e701ed2a05eb', 'updated', '7a05001e-9618-4062-8565-f07afcab193e', 'admin', 'admin@myjantes.fr', 'Devis envoyé par email à r.belmahi@gmail.com', '{"cc":[],"emailTo":"r.belmahi@gmail.com","messageId":"37f8bcf0-4268-4b74-95f7-05842a85c56d"}'::jsonb, '34.139.219.171', 'Mozilla/5.0 (Linux; Android 10; K) AppleWebKit/537.36 (KHTML, like Gecko) Chrome/141.0.0.0 Mobile Safari/537.36', '2026-01-10T15:07:58.129Z');
INSERT INTO "audit_logs" ("id", "entity_type", "entity_id", "action", "actor_id", "actor_role", "actor_name", "summary", "metadata", "ip_address", "user_agent", "occurred_at") VALUES ('96aee1c6-73a9-45d6-96fc-854a0b59d6a2', 'invoice', '89df3d5d-4c35-4199-95ae-85e1133e86bb', 'updated', '7a05001e-9618-4062-8565-f07afcab193e', 'admin', 'admin@myjantes.fr', 'Facture envoyée par email à r.belmahi@gmail.com', '{"emailTo":"r.belmahi@gmail.com","messageId":"952d014a-5883-447c-9447-9e6ba565bef3"}'::jsonb, '34.139.219.171', 'Mozilla/5.0 (Linux; Android 10; K) AppleWebKit/537.36 (KHTML, like Gecko) Chrome/141.0.0.0 Mobile Safari/537.36', '2026-01-10T15:08:29.855Z');
INSERT INTO "audit_logs" ("id", "entity_type", "entity_id", "action", "actor_id", "actor_role", "actor_name", "summary", "metadata", "ip_address", "user_agent", "occurred_at") VALUES ('859e00b7-cc5e-443b-b06e-75e8e8f77bde', 'reservation', 'd780fe2d-8e07-425b-9b45-d7356eff6aa1', 'updated', '12d1d38a-a874-4143-b913-ff9b67d47771', 'admin', 'contact@myjantes.com', 'Réservation mise à jour', NULL, '34.74.106.240', 'Mozilla/5.0 (iPhone; CPU iPhone OS 18_6_2 like Mac OS X) AppleWebKit/605.1.15 (KHTML, like Gecko) Version/18.6 Mobile/15E148 Safari/604.1', '2026-01-11T12:14:00.074Z');
INSERT INTO "audit_logs" ("id", "entity_type", "entity_id", "action", "actor_id", "actor_role", "actor_name", "summary", "metadata", "ip_address", "user_agent", "occurred_at") VALUES ('96047922-b18d-49ad-85f3-447690ed52bf', 'quote', 'bbce2b26-df43-4c63-b5ae-e701ed2a05eb', 'updated', '7a05001e-9618-4062-8565-f07afcab193e', 'admin', 'admin@myjantes.fr', 'Email envoyé via dictée vocale à r.belmahi@gmail.com', '{"emailTo":"r.belmahi@gmail.com","emailSubject":"MY JANTES - Devis DEV-10-01-001","attachmentCount":1}'::jsonb, '34.74.106.240', 'Mozilla/5.0 (Linux; Android 10; K) AppleWebKit/537.36 (KHTML, like Gecko) Chrome/143.0.0.0 Mobile Safari/537.36', '2026-01-11T16:32:37.459Z');
INSERT INTO "audit_logs" ("id", "entity_type", "entity_id", "action", "actor_id", "actor_role", "actor_name", "summary", "metadata", "ip_address", "user_agent", "occurred_at") VALUES ('de77d8cf-15fc-4044-a630-3e95048f7e52', 'quote', '2cd9e63f-9c10-43b0-902b-85ea36120f6e', 'created', '12d1d38a-a874-4143-b913-ff9b67d47771', 'admin', 'contact@myjantes.com', 'Devis créé par l''administrateur', '{"clientId":"6ede2a08-1878-4793-b034-f0ee6185db7d","servicesCount":4}'::jsonb, '35.243.129.130', 'Mozilla/5.0 (iPhone; CPU iPhone OS 18_6_2 like Mac OS X) AppleWebKit/605.1.15 (KHTML, like Gecko) Version/18.6 Mobile/15E148 Safari/604.1', '2026-01-11T18:04:54.915Z');
INSERT INTO "audit_logs" ("id", "entity_type", "entity_id", "action", "actor_id", "actor_role", "actor_name", "summary", "metadata", "ip_address", "user_agent", "occurred_at") VALUES ('3538863b-1fae-4330-be44-96ce1b4c377a', 'quote', '2cd9e63f-9c10-43b0-902b-85ea36120f6e', 'validated', '12d1d38a-a874-4143-b913-ff9b67d47771', 'admin', 'contact@myjantes.com', 'Devis validé', NULL, '35.227.15.160', 'Mozilla/5.0 (iPhone; CPU iPhone OS 18_6_2 like Mac OS X) AppleWebKit/605.1.15 (KHTML, like Gecko) Version/18.6 Mobile/15E148 Safari/604.1', '2026-01-11T18:05:02.523Z');
INSERT INTO "audit_logs" ("id", "entity_type", "entity_id", "action", "actor_id", "actor_role", "actor_name", "summary", "metadata", "ip_address", "user_agent", "occurred_at") VALUES ('e08a4c71-1d57-4a6a-9815-95fd6a6cb2b4', 'quote', '2cd9e63f-9c10-43b0-902b-85ea36120f6e', 'validated', '12d1d38a-a874-4143-b913-ff9b67d47771', 'admin', 'contact@myjantes.com', 'Devis validé', NULL, '35.227.15.160', 'Mozilla/5.0 (iPhone; CPU iPhone OS 18_6_2 like Mac OS X) AppleWebKit/605.1.15 (KHTML, like Gecko) Version/18.6 Mobile/15E148 Safari/604.1', '2026-01-11T18:05:20.025Z');
INSERT INTO "audit_logs" ("id", "entity_type", "entity_id", "action", "actor_id", "actor_role", "actor_name", "summary", "metadata", "ip_address", "user_agent", "occurred_at") VALUES ('26603c13-ad3e-431d-9b6e-82e77f698c57', 'quote', '2cd9e63f-9c10-43b0-902b-85ea36120f6e', 'updated', '12d1d38a-a874-4143-b913-ff9b67d47771', 'admin', 'contact@myjantes.com', 'Devis envoyé par email à coralie.mery@yahoo.fr (CC: contact@myjantes.com)', '{"cc":["contact@myjantes.com"],"emailTo":"coralie.mery@yahoo.fr","messageId":"9cfcebfe-64e2-41e3-ab63-c032c0097135"}'::jsonb, '35.243.129.130', 'Mozilla/5.0 (iPhone; CPU iPhone OS 18_6_2 like Mac OS X) AppleWebKit/605.1.15 (KHTML, like Gecko) Version/18.6 Mobile/15E148 Safari/604.1', '2026-01-11T18:06:22.332Z');
INSERT INTO "audit_logs" ("id", "entity_type", "entity_id", "action", "actor_id", "actor_role", "actor_name", "summary", "metadata", "ip_address", "user_agent", "occurred_at") VALUES ('e1d46322-64e1-49dd-907f-1a4974f04294', 'quote', '2cd9e63f-9c10-43b0-902b-85ea36120f6e', 'updated', '12d1d38a-a874-4143-b913-ff9b67d47771', 'admin', 'contact@myjantes.com', 'Email envoyé via dictée vocale à coralie.mery@yahoo.fr', '{"emailTo":"coralie.mery@yahoo.fr","emailSubject":"MY JANTES - Devis DEV-11-01-001","attachmentCount":5}'::jsonb, '35.243.160.31', 'Mozilla/5.0 (iPhone; CPU iPhone OS 18_6_2 like Mac OS X) AppleWebKit/605.1.15 (KHTML, like Gecko) Version/18.6 Mobile/15E148 Safari/604.1', '2026-01-11T18:10:34.794Z');
INSERT INTO "audit_logs" ("id", "entity_type", "entity_id", "action", "actor_id", "actor_role", "actor_name", "summary", "metadata", "ip_address", "user_agent", "occurred_at") VALUES ('fd09d732-6bd6-4c3d-8618-8e23582b5fdc', 'quote', '2cd9e63f-9c10-43b0-902b-85ea36120f6e', 'validated', '12d1d38a-a874-4143-b913-ff9b67d47771', 'admin', 'contact@myjantes.com', 'Devis validé', NULL, '34.23.182.216', 'Mozilla/5.0 (iPhone; CPU iPhone OS 18_6_2 like Mac OS X) AppleWebKit/605.1.15 (KHTML, like Gecko) Version/18.6 Mobile/15E148 Safari/604.1', '2026-01-11T18:11:05.174Z');
INSERT INTO "audit_logs" ("id", "entity_type", "entity_id", "action", "actor_id", "actor_role", "actor_name", "summary", "metadata", "ip_address", "user_agent", "occurred_at") VALUES ('d1c189b2-956c-4297-952c-b3c7030c6d82', 'quote', '2cd9e63f-9c10-43b0-902b-85ea36120f6e', 'updated', '12d1d38a-a874-4143-b913-ff9b67d47771', 'admin', 'contact@myjantes.com', 'Devis envoyé par email à coralie.mery@yahoo.fr', '{"cc":[],"emailTo":"coralie.mery@yahoo.fr","messageId":"137ddb54-d02b-4920-865d-8bf964dee6ce"}'::jsonb, '35.227.15.160', 'Mozilla/5.0 (iPhone; CPU iPhone OS 18_6_2 like Mac OS X) AppleWebKit/605.1.15 (KHTML, like Gecko) Version/18.6 Mobile/15E148 Safari/604.1', '2026-01-11T18:12:45.968Z');
INSERT INTO "audit_logs" ("id", "entity_type", "entity_id", "action", "actor_id", "actor_role", "actor_name", "summary", "metadata", "ip_address", "user_agent", "occurred_at") VALUES ('6c50b898-ec43-47cf-8865-3a3bb14b4337', 'quote', '9553f176-0a25-42b5-9662-a4471b474bb9', 'created', '311990cb-9c44-4631-a4b2-a2c6377a7861', 'admin', 'g.varlet@myjantes.com', 'Devis créé par l''administrateur', '{"clientId":"08905b9b-fe4c-4ccc-9dfc-85d28010b729","servicesCount":1}'::jsonb, '35.227.15.160', 'Mozilla/5.0 (Windows NT 10.0; Win64; x64) AppleWebKit/537.36 (KHTML, like Gecko) Chrome/143.0.0.0 Safari/537.36', '2026-01-12T09:47:33.141Z');
INSERT INTO "audit_logs" ("id", "entity_type", "entity_id", "action", "actor_id", "actor_role", "actor_name", "summary", "metadata", "ip_address", "user_agent", "occurred_at") VALUES ('e1166664-3472-447d-9e37-5e992527ca85', 'quote', '9553f176-0a25-42b5-9662-a4471b474bb9', 'validated', '311990cb-9c44-4631-a4b2-a2c6377a7861', 'admin', 'g.varlet@myjantes.com', 'Devis validé', NULL, '35.227.15.160', 'Mozilla/5.0 (Windows NT 10.0; Win64; x64) AppleWebKit/537.36 (KHTML, like Gecko) Chrome/143.0.0.0 Safari/537.36', '2026-01-12T09:47:44.623Z');
INSERT INTO "audit_logs" ("id", "entity_type", "entity_id", "action", "actor_id", "actor_role", "actor_name", "summary", "metadata", "ip_address", "user_agent", "occurred_at") VALUES ('3a513f4d-b31c-4d64-920c-9bd8ba88aaf4', 'quote', '54c99fae-e9f7-4b49-83ab-50a9dc44889a', 'created', '12d1d38a-a874-4143-b913-ff9b67d47771', 'admin', 'contact@myjantes.com', 'Devis créé par l''administrateur', '{"clientId":"ef6c1d4c-dec5-4906-a869-3c68dc712d05","servicesCount":3}'::jsonb, '34.26.99.240', 'Mozilla/5.0 (iPhone; CPU iPhone OS 18_6_2 like Mac OS X) AppleWebKit/605.1.15 (KHTML, like Gecko) Version/18.6 Mobile/15E148 Safari/604.1', '2026-01-12T12:07:31.653Z');
INSERT INTO "audit_logs" ("id", "entity_type", "entity_id", "action", "actor_id", "actor_role", "actor_name", "summary", "metadata", "ip_address", "user_agent", "occurred_at") VALUES ('9e7f12ca-c149-41b0-bfe6-b820e099483f', 'quote', '54c99fae-e9f7-4b49-83ab-50a9dc44889a', 'validated', '12d1d38a-a874-4143-b913-ff9b67d47771', 'admin', 'contact@myjantes.com', 'Devis validé', NULL, '35.196.109.179', 'Mozilla/5.0 (iPhone; CPU iPhone OS 18_6_2 like Mac OS X) AppleWebKit/605.1.15 (KHTML, like Gecko) Version/18.6 Mobile/15E148 Safari/604.1', '2026-01-12T12:07:53.213Z');
INSERT INTO "audit_logs" ("id", "entity_type", "entity_id", "action", "actor_id", "actor_role", "actor_name", "summary", "metadata", "ip_address", "user_agent", "occurred_at") VALUES ('65af02c0-b4e5-4b2c-9d14-14bb4a759eeb', 'quote', '54c99fae-e9f7-4b49-83ab-50a9dc44889a', 'updated', '12d1d38a-a874-4143-b913-ff9b67d47771', 'admin', 'contact@myjantes.com', 'Email envoyé via dictée vocale à arkana@gmail.com', '{"emailTo":"arkana@gmail.com","emailSubject":"MY JANTES - Devis DEV-12-01-002","attachmentCount":4}'::jsonb, '35.196.109.179', 'Mozilla/5.0 (iPhone; CPU iPhone OS 18_6_2 like Mac OS X) AppleWebKit/605.1.15 (KHTML, like Gecko) Version/18.6 Mobile/15E148 Safari/604.1', '2026-01-12T12:09:49.888Z');
INSERT INTO "audit_logs" ("id", "entity_type", "entity_id", "action", "actor_id", "actor_role", "actor_name", "summary", "metadata", "ip_address", "user_agent", "occurred_at") VALUES ('2ee627c7-408c-4ff8-bdf6-ea9a7b0dcaa9', 'quote', '41e32a5a-1041-4da6-8c1f-95fe7a713d94', 'created', '311990cb-9c44-4631-a4b2-a2c6377a7861', 'admin', 'g.varlet@myjantes.com', 'Devis créé par l''administrateur', '{"clientId":"84b3b97b-5fd9-4f5b-838c-f810f3f2e5d1","servicesCount":2}'::jsonb, '35.231.177.91', 'Mozilla/5.0 (Windows NT 10.0; Win64; x64) AppleWebKit/537.36 (KHTML, like Gecko) Chrome/143.0.0.0 Safari/537.36', '2026-01-12T13:46:48.727Z');
INSERT INTO "audit_logs" ("id", "entity_type", "entity_id", "action", "actor_id", "actor_role", "actor_name", "summary", "metadata", "ip_address", "user_agent", "occurred_at") VALUES ('71c21fe8-5c76-4220-bac9-0b06c5f0fe41', 'quote', 'a29046f0-7608-4a43-b675-172668506fde', 'created', '7a05001e-9618-4062-8565-f07afcab193e', 'admin', 'admin@myjantes.fr', 'Devis créé par l''administrateur', '{"clientId":"fc40075c-255b-4dd4-b4ca-0f79ef889203","servicesCount":2}'::jsonb, '34.23.182.216', 'Mozilla/5.0 (Windows NT 10.0; Win64; x64) AppleWebKit/537.36 (KHTML, like Gecko) Chrome/143.0.0.0 Safari/537.36', '2026-01-12T13:47:28.726Z');
INSERT INTO "audit_logs" ("id", "entity_type", "entity_id", "action", "actor_id", "actor_role", "actor_name", "summary", "metadata", "ip_address", "user_agent", "occurred_at") VALUES ('367a3ab1-8166-4ec4-9abb-2429665d39a3', 'quote', 'a29046f0-7608-4a43-b675-172668506fde', 'rejected', '7a05001e-9618-4062-8565-f07afcab193e', 'admin', 'admin@myjantes.fr', 'Devis refusé', NULL, '34.26.99.240', 'Mozilla/5.0 (Windows NT 10.0; Win64; x64) AppleWebKit/537.36 (KHTML, like Gecko) Chrome/143.0.0.0 Safari/537.36', '2026-01-12T13:47:50.337Z');
INSERT INTO "audit_logs" ("id", "entity_type", "entity_id", "action", "actor_id", "actor_role", "actor_name", "summary", "metadata", "ip_address", "user_agent", "occurred_at") VALUES ('645c9d63-ea5c-4755-a833-54fe511531f9', 'quote', 'a29046f0-7608-4a43-b675-172668506fde', 'updated', '7a05001e-9618-4062-8565-f07afcab193e', 'admin', 'admin@myjantes.fr', 'Devis envoyé par email à luisarriaran@orange.fr', '{"cc":[],"emailTo":"luisarriaran@orange.fr","messageId":"ffb6026f-3b40-437b-886b-849f81daeb99"}'::jsonb, '34.26.99.240', 'Mozilla/5.0 (Windows NT 10.0; Win64; x64) AppleWebKit/537.36 (KHTML, like Gecko) Chrome/143.0.0.0 Safari/537.36', '2026-01-12T13:58:51.767Z');
INSERT INTO "audit_logs" ("id", "entity_type", "entity_id", "action", "actor_id", "actor_role", "actor_name", "summary", "metadata", "ip_address", "user_agent", "occurred_at") VALUES ('7d47e094-3b2f-43e1-935c-923e4c0dd72e', 'quote', 'a29046f0-7608-4a43-b675-172668506fde', 'updated', '7a05001e-9618-4062-8565-f07afcab193e', 'admin', 'admin@myjantes.fr', 'Devis modifié', NULL, '35.231.177.91', 'Mozilla/5.0 (Windows NT 10.0; Win64; x64) AppleWebKit/537.36 (KHTML, like Gecko) Chrome/143.0.0.0 Safari/537.36', '2026-01-12T14:07:23.148Z');
INSERT INTO "audit_logs" ("id", "entity_type", "entity_id", "action", "actor_id", "actor_role", "actor_name", "summary", "metadata", "ip_address", "user_agent", "occurred_at") VALUES ('38fcea08-62bb-42aa-812b-6e706e1abe6e', 'quote', 'a29046f0-7608-4a43-b675-172668506fde', 'updated', '7a05001e-9618-4062-8565-f07afcab193e', 'admin', 'admin@myjantes.fr', 'Devis modifié', NULL, '34.23.182.216', 'Mozilla/5.0 (Windows NT 10.0; Win64; x64) AppleWebKit/537.36 (KHTML, like Gecko) Chrome/143.0.0.0 Safari/537.36', '2026-01-12T14:08:59.571Z');
INSERT INTO "audit_logs" ("id", "entity_type", "entity_id", "action", "actor_id", "actor_role", "actor_name", "summary", "metadata", "ip_address", "user_agent", "occurred_at") VALUES ('e75e169f-3c19-4fe0-9cb0-e87391beec90', 'quote', 'a29046f0-7608-4a43-b675-172668506fde', 'validated', '7a05001e-9618-4062-8565-f07afcab193e', 'admin', 'admin@myjantes.fr', 'Devis validé', NULL, '34.26.99.240', 'Mozilla/5.0 (Windows NT 10.0; Win64; x64) AppleWebKit/537.36 (KHTML, like Gecko) Chrome/143.0.0.0 Safari/537.36', '2026-01-12T14:09:12.010Z');
INSERT INTO "audit_logs" ("id", "entity_type", "entity_id", "action", "actor_id", "actor_role", "actor_name", "summary", "metadata", "ip_address", "user_agent", "occurred_at") VALUES ('82916688-f5e6-45cd-bedd-0cb5d295532c', 'quote', 'a29046f0-7608-4a43-b675-172668506fde', 'updated', '7a05001e-9618-4062-8565-f07afcab193e', 'admin', 'admin@myjantes.fr', 'Devis envoyé par email à luisarriaran@orange.fr (CC: admin@myjantes.fr)', '{"cc":["admin@myjantes.fr"],"emailTo":"luisarriaran@orange.fr","messageId":"b85df225-849d-4257-8506-fe79a92cca27"}'::jsonb, '35.196.109.179', 'Mozilla/5.0 (Windows NT 10.0; Win64; x64) AppleWebKit/537.36 (KHTML, like Gecko) Chrome/143.0.0.0 Safari/537.36', '2026-01-12T14:09:25.254Z');
INSERT INTO "audit_logs" ("id", "entity_type", "entity_id", "action", "actor_id", "actor_role", "actor_name", "summary", "metadata", "ip_address", "user_agent", "occurred_at") VALUES ('ea6fab81-afe8-4db9-a1da-498a6aa9e81d', 'quote', '41e32a5a-1041-4da6-8c1f-95fe7a713d94', 'validated', '7a05001e-9618-4062-8565-f07afcab193e', 'admin', 'admin@myjantes.fr', 'Devis validé', NULL, '34.26.99.240', 'Mozilla/5.0 (Windows NT 10.0; Win64; x64) AppleWebKit/537.36 (KHTML, like Gecko) Chrome/143.0.0.0 Safari/537.36', '2026-01-12T14:13:45.920Z');
INSERT INTO "audit_logs" ("id", "entity_type", "entity_id", "action", "actor_id", "actor_role", "actor_name", "summary", "metadata", "ip_address", "user_agent", "occurred_at") VALUES ('91d4b050-1dda-4e3e-8e92-117293e504b1', 'service', '4f7a03f8-469c-454e-802f-c7be7ed1d390', 'created', '7a05001e-9618-4062-8565-f07afcab193e', 'admin', 'admin@myjantes.fr', 'Service "Personnalisation Jante 900+ Or " créé avec workflow associé', '{"workflowId":"8a9235d2-e95c-4134-bd4d-41bd84252507"}'::jsonb, '34.23.182.216', 'Mozilla/5.0 (Windows NT 10.0; Win64; x64) AppleWebKit/537.36 (KHTML, like Gecko) Chrome/143.0.0.0 Safari/537.36', '2026-01-12T14:24:59.662Z');
INSERT INTO "audit_logs" ("id", "entity_type", "entity_id", "action", "actor_id", "actor_role", "actor_name", "summary", "metadata", "ip_address", "user_agent", "occurred_at") VALUES ('c0d2b724-640d-4161-a790-8d15478e1665', 'service', 'cd42508e-2ccd-4355-8dae-9ec653a11339', 'created', '12d1d38a-a874-4143-b913-ff9b67d47771', 'admin', 'contact@myjantes.com', 'Service "Décapage " créé avec workflow associé', '{"workflowId":"79c5d809-05b8-4dc0-9a8e-d668b01b9b25"}'::jsonb, '34.23.182.216', 'Mozilla/5.0 (iPhone; CPU iPhone OS 18_6_2 like Mac OS X) AppleWebKit/605.1.15 (KHTML, like Gecko) Version/18.6 Mobile/15E148 Safari/604.1', '2026-01-12T14:26:53.571Z');
INSERT INTO "audit_logs" ("id", "entity_type", "entity_id", "action", "actor_id", "actor_role", "actor_name", "summary", "metadata", "ip_address", "user_agent", "occurred_at") VALUES ('ee88051e-fa9d-4278-b75f-4dc0c822ef9e', 'quote', 'da326734-0edc-418b-bcf6-77e624abece1', 'created', '12d1d38a-a874-4143-b913-ff9b67d47771', 'admin', 'contact@myjantes.com', 'Devis créé par l''administrateur', '{"clientId":"6849a19d-77e6-483b-8e56-86a5eba1df53","servicesCount":3}'::jsonb, '34.74.106.240', 'Mozilla/5.0 (iPhone; CPU iPhone OS 18_6_2 like Mac OS X) AppleWebKit/605.1.15 (KHTML, like Gecko) Version/18.6 Mobile/15E148 Safari/604.1', '2026-01-12T14:34:25.890Z');
INSERT INTO "audit_logs" ("id", "entity_type", "entity_id", "action", "actor_id", "actor_role", "actor_name", "summary", "metadata", "ip_address", "user_agent", "occurred_at") VALUES ('bd69101e-351e-4bf7-9c24-fac6a07a4da6', 'quote', 'da326734-0edc-418b-bcf6-77e624abece1', 'validated', '12d1d38a-a874-4143-b913-ff9b67d47771', 'admin', 'contact@myjantes.com', 'Devis validé', NULL, '34.74.106.240', 'Mozilla/5.0 (iPhone; CPU iPhone OS 18_6_2 like Mac OS X) AppleWebKit/605.1.15 (KHTML, like Gecko) Version/18.6 Mobile/15E148 Safari/604.1', '2026-01-12T14:34:29.756Z');
INSERT INTO "audit_logs" ("id", "entity_type", "entity_id", "action", "actor_id", "actor_role", "actor_name", "summary", "metadata", "ip_address", "user_agent", "occurred_at") VALUES ('ca3f7714-4b5c-4f74-bf5f-c7154506b648', 'quote', 'da326734-0edc-418b-bcf6-77e624abece1', 'updated', '12d1d38a-a874-4143-b913-ff9b67d47771', 'admin', 'contact@myjantes.com', 'Devis envoyé par email à michael.dollet@gmail.com (CC: contact@myjantes.com)', '{"cc":["contact@myjantes.com"],"emailTo":"michael.dollet@gmail.com","messageId":"bd97dff3-a39b-44f5-a673-c7b7de12a9d0"}'::jsonb, '35.227.15.160', 'Mozilla/5.0 (iPhone; CPU iPhone OS 18_6_2 like Mac OS X) AppleWebKit/605.1.15 (KHTML, like Gecko) Version/18.6 Mobile/15E148 Safari/604.1', '2026-01-12T14:35:43.872Z');
INSERT INTO "audit_logs" ("id", "entity_type", "entity_id", "action", "actor_id", "actor_role", "actor_name", "summary", "metadata", "ip_address", "user_agent", "occurred_at") VALUES ('32d946d7-ea7c-4bfa-a977-789cd3bbc6d5', 'service', 'f252f5a6-8b3c-4ea5-b3d7-2020e92d3139', 'created', '7a05001e-9618-4062-8565-f07afcab193e', 'admin', 'admin@myjantes.fr', 'Service "Usinage Diamanatge Jante" créé avec workflow associé', '{"workflowId":"4d86c411-180a-412b-842c-7e8b8bd267ef"}'::jsonb, '34.74.106.240', 'Mozilla/5.0 (Windows NT 10.0; Win64; x64) AppleWebKit/537.36 (KHTML, like Gecko) Chrome/143.0.0.0 Safari/537.36', '2026-01-12T14:37:43.894Z');
INSERT INTO "audit_logs" ("id", "entity_type", "entity_id", "action", "actor_id", "actor_role", "actor_name", "summary", "metadata", "ip_address", "user_agent", "occurred_at") VALUES ('35dad7db-4f95-48a4-a715-5a26a8d85d89', 'quote', 'e633803b-d4a3-403f-8514-3819c9d47bfb', 'created', '12d1d38a-a874-4143-b913-ff9b67d47771', 'admin', 'contact@myjantes.com', 'Devis créé par l''administrateur', '{"clientId":"1148d52d-2e0c-463d-ae28-bbc9ec5c7383","servicesCount":4}'::jsonb, '34.26.99.240', 'Mozilla/5.0 (iPhone; CPU iPhone OS 18_6_2 like Mac OS X) AppleWebKit/605.1.15 (KHTML, like Gecko) Version/18.6 Mobile/15E148 Safari/604.1', '2026-01-12T14:40:22.986Z');
INSERT INTO "audit_logs" ("id", "entity_type", "entity_id", "action", "actor_id", "actor_role", "actor_name", "summary", "metadata", "ip_address", "user_agent", "occurred_at") VALUES ('1e605d8d-89e8-41f7-abe0-e955502f4d09', 'quote', 'e633803b-d4a3-403f-8514-3819c9d47bfb', 'validated', '12d1d38a-a874-4143-b913-ff9b67d47771', 'admin', 'contact@myjantes.com', 'Devis validé', NULL, '34.26.99.240', 'Mozilla/5.0 (iPhone; CPU iPhone OS 18_6_2 like Mac OS X) AppleWebKit/605.1.15 (KHTML, like Gecko) Version/18.6 Mobile/15E148 Safari/604.1', '2026-01-12T14:40:30.435Z');
INSERT INTO "audit_logs" ("id", "entity_type", "entity_id", "action", "actor_id", "actor_role", "actor_name", "summary", "metadata", "ip_address", "user_agent", "occurred_at") VALUES ('794d757a-acd7-4342-8870-38b5dc930b22', 'quote', 'e633803b-d4a3-403f-8514-3819c9d47bfb', 'validated', '12d1d38a-a874-4143-b913-ff9b67d47771', 'admin', 'contact@myjantes.com', 'Devis validé', NULL, '34.139.219.171', 'Mozilla/5.0 (iPhone; CPU iPhone OS 16_0 like Mac OS X) AppleWebKit/605.1.15 (KHTML, like Gecko) Version/16.0 Mobile/15E148 Safari/604.1', '2026-01-12T14:47:01.321Z');
INSERT INTO "audit_logs" ("id", "entity_type", "entity_id", "action", "actor_id", "actor_role", "actor_name", "summary", "metadata", "ip_address", "user_agent", "occurred_at") VALUES ('d2969294-211e-4313-8463-c774444b409d', 'quote', 'e633803b-d4a3-403f-8514-3819c9d47bfb', 'updated', '12d1d38a-a874-4143-b913-ff9b67d47771', 'admin', 'contact@myjantes.com', 'Devis envoyé par email à cipriornella@hotmail.fr (CC: contact@myjantes.com)', '{"cc":["contact@myjantes.com"],"emailTo":"cipriornella@hotmail.fr","messageId":"7c0d7df3-3e5f-4c48-86fa-4c2578ee84b7"}'::jsonb, '34.75.72.217', 'Mozilla/5.0 (iPhone; CPU iPhone OS 16_0 like Mac OS X) AppleWebKit/605.1.15 (KHTML, like Gecko) Version/16.0 Mobile/15E148 Safari/604.1', '2026-01-12T14:48:14.381Z');
INSERT INTO "audit_logs" ("id", "entity_type", "entity_id", "action", "actor_id", "actor_role", "actor_name", "summary", "metadata", "ip_address", "user_agent", "occurred_at") VALUES ('fa86afda-5a08-4775-8d6f-105e63d674e2', 'quote', '8cc1251e-d67f-4ec1-99a5-944857b6cc99', 'created', '12d1d38a-a874-4143-b913-ff9b67d47771', 'admin', 'contact@myjantes.com', 'Devis créé par l''administrateur', '{"clientId":"a12b4868-d06f-40b7-8aa6-2deff0716508","servicesCount":4}'::jsonb, '34.23.182.216', 'Mozilla/5.0 (iPhone; CPU iPhone OS 16_0 like Mac OS X) AppleWebKit/605.1.15 (KHTML, like Gecko) Version/16.0 Mobile/15E148 Safari/604.1', '2026-01-12T14:55:22.278Z');
INSERT INTO "audit_logs" ("id", "entity_type", "entity_id", "action", "actor_id", "actor_role", "actor_name", "summary", "metadata", "ip_address", "user_agent", "occurred_at") VALUES ('e95065ff-abbe-4e15-9725-6d14305b63ae', 'quote', '8cc1251e-d67f-4ec1-99a5-944857b6cc99', 'updated', '12d1d38a-a874-4143-b913-ff9b67d47771', 'admin', 'contact@myjantes.com', 'Devis modifié', NULL, '35.196.109.179', 'Mozilla/5.0 (iPhone; CPU iPhone OS 16_0 like Mac OS X) AppleWebKit/605.1.15 (KHTML, like Gecko) Version/16.0 Mobile/15E148 Safari/604.1', '2026-01-12T14:56:11.942Z');
INSERT INTO "audit_logs" ("id", "entity_type", "entity_id", "action", "actor_id", "actor_role", "actor_name", "summary", "metadata", "ip_address", "user_agent", "occurred_at") VALUES ('baf3fcc5-cd91-406e-b233-cff5b6f27658', 'quote', '8cc1251e-d67f-4ec1-99a5-944857b6cc99', 'validated', '12d1d38a-a874-4143-b913-ff9b67d47771', 'admin', 'contact@myjantes.com', 'Devis validé', NULL, '35.196.109.179', 'Mozilla/5.0 (iPhone; CPU iPhone OS 16_0 like Mac OS X) AppleWebKit/605.1.15 (KHTML, like Gecko) Version/16.0 Mobile/15E148 Safari/604.1', '2026-01-12T14:56:21.844Z');
INSERT INTO "audit_logs" ("id", "entity_type", "entity_id", "action", "actor_id", "actor_role", "actor_name", "summary", "metadata", "ip_address", "user_agent", "occurred_at") VALUES ('7729f2a8-e778-4792-85e3-b327fa01a2aa', 'quote', '8cc1251e-d67f-4ec1-99a5-944857b6cc99', 'updated', '12d1d38a-a874-4143-b913-ff9b67d47771', 'admin', 'contact@myjantes.com', 'Devis envoyé par email à David.duhamel62800@gmail.com (CC: contact@myjantes.com)', '{"cc":["contact@myjantes.com"],"emailTo":"David.duhamel62800@gmail.com","messageId":"f71051ac-bb56-4c02-a34a-a5afe2c957ed"}'::jsonb, '35.196.109.179', 'Mozilla/5.0 (iPhone; CPU iPhone OS 16_0 like Mac OS X) AppleWebKit/605.1.15 (KHTML, like Gecko) Version/16.0 Mobile/15E148 Safari/604.1', '2026-01-12T14:57:43.845Z');
INSERT INTO "audit_logs" ("id", "entity_type", "entity_id", "action", "actor_id", "actor_role", "actor_name", "summary", "metadata", "ip_address", "user_agent", "occurred_at") VALUES ('73cd2c35-27f9-45f4-98b1-6a807dacc8ac', 'quote', 'da326734-0edc-418b-bcf6-77e624abece1', 'updated', '7a05001e-9618-4062-8565-f07afcab193e', 'admin', 'admin@myjantes.fr', 'Devis envoyé par email à michael.dollet59@gmail.com (CC: admin@myjantes.fr)', '{"cc":["admin@myjantes.fr"],"emailTo":"michael.dollet59@gmail.com","messageId":"cb40d20f-84ce-4f81-a907-072398e773b6"}'::jsonb, '35.243.129.130', 'Mozilla/5.0 (Windows NT 10.0; Win64; x64) AppleWebKit/537.36 (KHTML, like Gecko) Chrome/143.0.0.0 Safari/537.36', '2026-01-12T15:03:19.586Z');
INSERT INTO "audit_logs" ("id", "entity_type", "entity_id", "action", "actor_id", "actor_role", "actor_name", "summary", "metadata", "ip_address", "user_agent", "occurred_at") VALUES ('e6655b3c-1cc2-49fd-bf3a-cab8d71d9462', 'quote', '8cc1251e-d67f-4ec1-99a5-944857b6cc99', 'validated', '12d1d38a-a874-4143-b913-ff9b67d47771', 'admin', 'contact@myjantes.com', 'Devis validé', NULL, '35.185.109.3', 'Mozilla/5.0 (iPhone; CPU iPhone OS 18_6_2 like Mac OS X) AppleWebKit/605.1.15 (KHTML, like Gecko) Version/18.6 Mobile/15E148 Safari/604.1', '2026-01-12T16:27:41.769Z');
INSERT INTO "audit_logs" ("id", "entity_type", "entity_id", "action", "actor_id", "actor_role", "actor_name", "summary", "metadata", "ip_address", "user_agent", "occurred_at") VALUES ('7c7347c8-43b5-4ce0-8240-f5137d8eb0f8', 'quote', '1188c6a9-869b-4831-a145-f310ef5c1106', 'created', '12d1d38a-a874-4143-b913-ff9b67d47771', 'admin', 'contact@myjantes.com', 'Devis créé par l''administrateur', '{"clientId":"9b5096d9-b2c7-49af-9326-4d9789a7ae52","servicesCount":3}'::jsonb, '35.227.15.160', 'Mozilla/5.0 (iPhone; CPU iPhone OS 18_6_2 like Mac OS X) AppleWebKit/605.1.15 (KHTML, like Gecko) Version/18.6 Mobile/15E148 Safari/604.1', '2026-01-12T18:05:44.673Z');
INSERT INTO "audit_logs" ("id", "entity_type", "entity_id", "action", "actor_id", "actor_role", "actor_name", "summary", "metadata", "ip_address", "user_agent", "occurred_at") VALUES ('ac9cfaa6-22d1-4aa3-b5dd-6bc104fd8555', 'quote', '1188c6a9-869b-4831-a145-f310ef5c1106', 'validated', '12d1d38a-a874-4143-b913-ff9b67d47771', 'admin', 'contact@myjantes.com', 'Devis validé', NULL, '35.227.15.160', 'Mozilla/5.0 (iPhone; CPU iPhone OS 18_6_2 like Mac OS X) AppleWebKit/605.1.15 (KHTML, like Gecko) Version/18.6 Mobile/15E148 Safari/604.1', '2026-01-12T18:05:58.359Z');
INSERT INTO "audit_logs" ("id", "entity_type", "entity_id", "action", "actor_id", "actor_role", "actor_name", "summary", "metadata", "ip_address", "user_agent", "occurred_at") VALUES ('e8015485-45d9-4051-9ca1-c8a5b2bafbad', 'quote', '1188c6a9-869b-4831-a145-f310ef5c1106', 'validated', '12d1d38a-a874-4143-b913-ff9b67d47771', 'admin', 'contact@myjantes.com', 'Devis validé', NULL, '35.227.15.160', 'Mozilla/5.0 (iPhone; CPU iPhone OS 18_6_2 like Mac OS X) AppleWebKit/605.1.15 (KHTML, like Gecko) Version/18.6 Mobile/15E148 Safari/604.1', '2026-01-12T18:06:22.268Z');
INSERT INTO "audit_logs" ("id", "entity_type", "entity_id", "action", "actor_id", "actor_role", "actor_name", "summary", "metadata", "ip_address", "user_agent", "occurred_at") VALUES ('06d7ead3-bddc-4ebe-9cec-708e204fb960', 'service', 'f252f5a6-8b3c-4ea5-b3d7-2020e92d3139', 'updated', '12d1d38a-a874-4143-b913-ff9b67d47771', 'admin', 'contact@myjantes.com', 'Service "Usinage Diamantage Jante" modifié', NULL, '35.227.15.160', 'Mozilla/5.0 (iPhone; CPU iPhone OS 18_6_2 like Mac OS X) AppleWebKit/605.1.15 (KHTML, like Gecko) Version/18.6 Mobile/15E148 Safari/604.1', '2026-01-12T18:07:10.849Z');
INSERT INTO "audit_logs" ("id", "entity_type", "entity_id", "action", "actor_id", "actor_role", "actor_name", "summary", "metadata", "ip_address", "user_agent", "occurred_at") VALUES ('2ea4336a-bdbb-49c1-9456-fdbb3969fd9d', 'service', 'df0a37bd-2416-4821-b724-04a388cf4db4', 'created', '12d1d38a-a874-4143-b913-ff9b67d47771', 'admin', 'contact@myjantes.com', 'Service "RÉNOVATION JANTE UNICOLOR" créé avec workflow associé', '{"workflowId":"0f5deb43-7b86-4f40-8704-a85446c9c8a4"}'::jsonb, '34.74.106.240', 'Mozilla/5.0 (iPhone; CPU iPhone OS 18_6_2 like Mac OS X) AppleWebKit/605.1.15 (KHTML, like Gecko) Version/18.6 Mobile/15E148 Safari/604.1', '2026-01-12T18:07:28.761Z');
INSERT INTO "audit_logs" ("id", "entity_type", "entity_id", "action", "actor_id", "actor_role", "actor_name", "summary", "metadata", "ip_address", "user_agent", "occurred_at") VALUES ('846f7a7e-aabc-47a7-8391-e845bc60a577', 'quote', '3fec6470-ea2a-497e-b6cd-6a15817250a8', 'created', '12d1d38a-a874-4143-b913-ff9b67d47771', 'admin', 'contact@myjantes.com', 'Devis créé par l''administrateur', '{"clientId":"9b5096d9-b2c7-49af-9326-4d9789a7ae52","servicesCount":4}'::jsonb, '35.227.15.160', 'Mozilla/5.0 (iPhone; CPU iPhone OS 18_6_2 like Mac OS X) AppleWebKit/605.1.15 (KHTML, like Gecko) Version/18.6 Mobile/15E148 Safari/604.1', '2026-01-12T18:10:45.927Z');
INSERT INTO "audit_logs" ("id", "entity_type", "entity_id", "action", "actor_id", "actor_role", "actor_name", "summary", "metadata", "ip_address", "user_agent", "occurred_at") VALUES ('68733e3f-2fd7-4a58-a37b-89ee0109b22c', 'quote', '3fec6470-ea2a-497e-b6cd-6a15817250a8', 'validated', '12d1d38a-a874-4143-b913-ff9b67d47771', 'admin', 'contact@myjantes.com', 'Devis validé', NULL, '35.185.109.3', 'Mozilla/5.0 (iPhone; CPU iPhone OS 18_6_2 like Mac OS X) AppleWebKit/605.1.15 (KHTML, like Gecko) Version/18.6 Mobile/15E148 Safari/604.1', '2026-01-12T18:10:50.995Z');
INSERT INTO "audit_logs" ("id", "entity_type", "entity_id", "action", "actor_id", "actor_role", "actor_name", "summary", "metadata", "ip_address", "user_agent", "occurred_at") VALUES ('f8cd8c70-eb19-41e4-be4a-c98eaa2ffae9', 'quote', '3fec6470-ea2a-497e-b6cd-6a15817250a8', 'updated', '12d1d38a-a874-4143-b913-ff9b67d47771', 'admin', 'contact@myjantes.com', 'Devis envoyé par email à chatem.sofiane@gmail.com (CC: contact@myjantes.com)', '{"cc":["contact@myjantes.com"],"emailTo":"chatem.sofiane@gmail.com","messageId":"c85dc251-c943-4556-b78a-37ec1e95eeb8"}'::jsonb, '34.74.106.240', 'Mozilla/5.0 (iPhone; CPU iPhone OS 18_6_2 like Mac OS X) AppleWebKit/605.1.15 (KHTML, like Gecko) Version/18.6 Mobile/15E148 Safari/604.1', '2026-01-12T18:11:35.507Z');
INSERT INTO "audit_logs" ("id", "entity_type", "entity_id", "action", "actor_id", "actor_role", "actor_name", "summary", "metadata", "ip_address", "user_agent", "occurred_at") VALUES ('91bad4f7-1f8c-497b-8286-14b71c17fd64', 'service', '76d384bb-3715-42b6-8661-105e9f828a23', 'created', '12d1d38a-a874-4143-b913-ff9b67d47771', 'admin', 'contact@myjantes.com', 'Service "Renovation Jante BiColor" créé avec workflow associé', '{"workflowId":"87665eb3-938d-4df0-804a-302be336ce9e"}'::jsonb, '35.185.109.3', 'Mozilla/5.0 (iPhone; CPU iPhone OS 18_6_2 like Mac OS X) AppleWebKit/605.1.15 (KHTML, like Gecko) Version/18.6 Mobile/15E148 Safari/604.1', '2026-01-13T05:59:30.154Z');
INSERT INTO "audit_logs" ("id", "entity_type", "entity_id", "action", "actor_id", "actor_role", "actor_name", "summary", "metadata", "ip_address", "user_agent", "occurred_at") VALUES ('fb45bf36-f099-44c7-bf44-480797e1554b', 'quote', '7497a0f1-6f8a-4e48-ac8e-edcb2cf70b05', 'created', '12d1d38a-a874-4143-b913-ff9b67d47771', 'admin', 'contact@myjantes.com', 'Devis créé par l''administrateur', '{"clientId":"f7c6e3e6-3bb6-4b46-8f78-9d06cede5982","servicesCount":5}'::jsonb, '35.185.109.3', 'Mozilla/5.0 (iPhone; CPU iPhone OS 18_6_2 like Mac OS X) AppleWebKit/605.1.15 (KHTML, like Gecko) Version/18.6 Mobile/15E148 Safari/604.1', '2026-01-13T06:02:04.928Z');
INSERT INTO "audit_logs" ("id", "entity_type", "entity_id", "action", "actor_id", "actor_role", "actor_name", "summary", "metadata", "ip_address", "user_agent", "occurred_at") VALUES ('a7559b2e-7575-4fcb-9a49-2da96fa938bd', 'quote', '7497a0f1-6f8a-4e48-ac8e-edcb2cf70b05', 'validated', '12d1d38a-a874-4143-b913-ff9b67d47771', 'admin', 'contact@myjantes.com', 'Devis validé', NULL, '35.185.109.3', 'Mozilla/5.0 (iPhone; CPU iPhone OS 18_6_2 like Mac OS X) AppleWebKit/605.1.15 (KHTML, like Gecko) Version/18.6 Mobile/15E148 Safari/604.1', '2026-01-13T06:02:22.056Z');
INSERT INTO "audit_logs" ("id", "entity_type", "entity_id", "action", "actor_id", "actor_role", "actor_name", "summary", "metadata", "ip_address", "user_agent", "occurred_at") VALUES ('35a41485-f8f5-4d27-9a24-1333adc6a6bc', 'quote', '7497a0f1-6f8a-4e48-ac8e-edcb2cf70b05', 'updated', '12d1d38a-a874-4143-b913-ff9b67d47771', 'admin', 'contact@myjantes.com', 'Devis envoyé par email à addala.salim25@gmail.com (CC: contact@myjantes.com)', '{"cc":["contact@myjantes.com"],"emailTo":"addala.salim25@gmail.com","messageId":"d7375a99-7f7f-4865-81d8-be0fef8e1043"}'::jsonb, '34.26.99.240', 'Mozilla/5.0 (iPhone; CPU iPhone OS 18_6_2 like Mac OS X) AppleWebKit/605.1.15 (KHTML, like Gecko) Version/18.6 Mobile/15E148 Safari/604.1', '2026-01-13T06:06:16.371Z');
INSERT INTO "audit_logs" ("id", "entity_type", "entity_id", "action", "actor_id", "actor_role", "actor_name", "summary", "metadata", "ip_address", "user_agent", "occurred_at") VALUES ('c5c0be4d-160a-491b-9de1-efde3bcbf9d2', 'invoice', '89df3d5d-4c35-4199-95ae-85e1133e86bb', 'updated', '12d1d38a-a874-4143-b913-ff9b67d47771', 'admin', 'contact@myjantes.com', 'Facture mise à jour', NULL, '34.75.72.217', 'Mozilla/5.0 (iPhone; CPU iPhone OS 18_6_2 like Mac OS X) AppleWebKit/605.1.15 (KHTML, like Gecko) Version/18.6 Mobile/15E148 Safari/604.1', '2026-01-13T06:59:06.116Z');
INSERT INTO "audit_logs" ("id", "entity_type", "entity_id", "action", "actor_id", "actor_role", "actor_name", "summary", "metadata", "ip_address", "user_agent", "occurred_at") VALUES ('2ad5d718-6f3f-4380-a298-094de8ffc490', 'invoice', 'fea69bb2-79cf-4734-ba6d-4b1c0c89746f', 'paid', '311990cb-9c44-4631-a4b2-a2c6377a7861', 'admin', 'g.varlet@myjantes.com', 'Facture marquée comme payée', NULL, '35.185.109.3', 'Mozilla/5.0 (Windows NT 10.0; Win64; x64) AppleWebKit/537.36 (KHTML, like Gecko) Chrome/143.0.0.0 Safari/537.36', '2026-01-13T08:46:38.723Z');
INSERT INTO "audit_logs" ("id", "entity_type", "entity_id", "action", "actor_id", "actor_role", "actor_name", "summary", "metadata", "ip_address", "user_agent", "occurred_at") VALUES ('e237606a-4dbd-4abb-b0ed-9b4df43bf7ba', 'invoice', 'fea69bb2-79cf-4734-ba6d-4b1c0c89746f', 'updated', '311990cb-9c44-4631-a4b2-a2c6377a7861', 'admin', 'g.varlet@myjantes.com', 'Facture mise à jour', NULL, '34.23.182.216', 'Mozilla/5.0 (Windows NT 10.0; Win64; x64) AppleWebKit/537.36 (KHTML, like Gecko) Chrome/143.0.0.0 Safari/537.36', '2026-01-13T08:47:16.120Z');
INSERT INTO "audit_logs" ("id", "entity_type", "entity_id", "action", "actor_id", "actor_role", "actor_name", "summary", "metadata", "ip_address", "user_agent", "occurred_at") VALUES ('cf7fd3f8-ca69-473d-b302-7034a21acb62', 'invoice', 'fea69bb2-79cf-4734-ba6d-4b1c0c89746f', 'updated', '311990cb-9c44-4631-a4b2-a2c6377a7861', 'admin', 'g.varlet@myjantes.com', 'Facture mise à jour', NULL, '34.23.182.216', 'Mozilla/5.0 (Windows NT 10.0; Win64; x64) AppleWebKit/537.36 (KHTML, like Gecko) Chrome/143.0.0.0 Safari/537.36', '2026-01-13T08:47:16.788Z');
INSERT INTO "audit_logs" ("id", "entity_type", "entity_id", "action", "actor_id", "actor_role", "actor_name", "summary", "metadata", "ip_address", "user_agent", "occurred_at") VALUES ('43ce0e2a-586f-4a74-ac04-e34aefddf927', 'quote', 'e8d8a029-79a6-43ab-ad21-531bff872b45', 'created', '12d1d38a-a874-4143-b913-ff9b67d47771', 'admin', 'contact@myjantes.com', 'Devis créé par l''administrateur', '{"clientId":"809eb2aa-355b-477c-ad4f-6acdc3fec736","servicesCount":5}'::jsonb, '34.23.182.216', 'Mozilla/5.0 (iPhone; CPU iPhone OS 16_0 like Mac OS X) AppleWebKit/605.1.15 (KHTML, like Gecko) Version/16.0 Mobile/15E148 Safari/604.1', '2026-01-13T09:16:36.488Z');
INSERT INTO "audit_logs" ("id", "entity_type", "entity_id", "action", "actor_id", "actor_role", "actor_name", "summary", "metadata", "ip_address", "user_agent", "occurred_at") VALUES ('de14adc0-570e-4670-b766-c47338dd785b', 'quote', 'e8d8a029-79a6-43ab-ad21-531bff872b45', 'validated', '12d1d38a-a874-4143-b913-ff9b67d47771', 'admin', 'contact@myjantes.com', 'Devis validé', NULL, '34.23.182.216', 'Mozilla/5.0 (iPhone; CPU iPhone OS 16_0 like Mac OS X) AppleWebKit/605.1.15 (KHTML, like Gecko) Version/16.0 Mobile/15E148 Safari/604.1', '2026-01-13T09:16:41.658Z');
INSERT INTO "audit_logs" ("id", "entity_type", "entity_id", "action", "actor_id", "actor_role", "actor_name", "summary", "metadata", "ip_address", "user_agent", "occurred_at") VALUES ('6493bc0b-c6ec-458a-b206-819bc8676fbe', 'quote', 'e8d8a029-79a6-43ab-ad21-531bff872b45', 'updated', '12d1d38a-a874-4143-b913-ff9b67d47771', 'admin', 'contact@myjantes.com', 'Devis envoyé par email à verschelde.alecia3@gmail.com (CC: contact@myjantes.com)', '{"cc":["contact@myjantes.com"],"emailTo":"verschelde.alecia3@gmail.com","messageId":"66f5a984-5be6-413f-b6cc-ed9f2e4ac0dd"}'::jsonb, '35.196.109.179', 'Mozilla/5.0 (iPhone; CPU iPhone OS 16_0 like Mac OS X) AppleWebKit/605.1.15 (KHTML, like Gecko) Version/16.0 Mobile/15E148 Safari/604.1', '2026-01-13T09:19:08.724Z');
INSERT INTO "audit_logs" ("id", "entity_type", "entity_id", "action", "actor_id", "actor_role", "actor_name", "summary", "metadata", "ip_address", "user_agent", "occurred_at") VALUES ('06ed8cbb-14dd-4246-8fbf-de2547a6f942', 'quote', '5dc2cf37-794d-47a7-9cf1-b78b38f28c2b', 'created', '311990cb-9c44-4631-a4b2-a2c6377a7861', 'admin', 'g.varlet@myjantes.com', 'Devis créé par l''administrateur', '{"clientId":"57d0f2b0-eb52-4959-867f-815570b1a598","servicesCount":3}'::jsonb, '34.139.219.171', 'Mozilla/5.0 (Windows NT 10.0; Win64; x64) AppleWebKit/537.36 (KHTML, like Gecko) Chrome/143.0.0.0 Safari/537.36', '2026-01-13T09:46:19.379Z');
INSERT INTO "audit_logs" ("id", "entity_type", "entity_id", "action", "actor_id", "actor_role", "actor_name", "summary", "metadata", "ip_address", "user_agent", "occurred_at") VALUES ('ad8715a0-c846-4c13-a743-d3bbdfa5a7c8', 'quote', '5dc2cf37-794d-47a7-9cf1-b78b38f28c2b', 'validated', '311990cb-9c44-4631-a4b2-a2c6377a7861', 'admin', 'g.varlet@myjantes.com', 'Devis validé', NULL, '34.75.72.217', 'Mozilla/5.0 (Windows NT 10.0; Win64; x64) AppleWebKit/537.36 (KHTML, like Gecko) Chrome/143.0.0.0 Safari/537.36', '2026-01-13T09:46:25.366Z');
INSERT INTO "audit_logs" ("id", "entity_type", "entity_id", "action", "actor_id", "actor_role", "actor_name", "summary", "metadata", "ip_address", "user_agent", "occurred_at") VALUES ('73c4aaab-780d-471e-bb1a-fad7e492e59e', 'service', 'ee48fd74-8514-4dca-9850-72469ddde3dd', 'created', '12d1d38a-a874-4143-b913-ff9b67d47771', 'admin', 'contact@myjantes.com', 'Service "Contrôle Étanchéité " créé avec workflow associé', '{"workflowId":"a1c802c0-1887-40c2-b99f-9b5e6e0cf439"}'::jsonb, '35.243.129.130', 'Mozilla/5.0 (iPhone; CPU iPhone OS 18_6_2 like Mac OS X) AppleWebKit/605.1.15 (KHTML, like Gecko) Version/18.6 Mobile/15E148 Safari/604.1', '2026-01-13T12:01:28.805Z');
INSERT INTO "audit_logs" ("id", "entity_type", "entity_id", "action", "actor_id", "actor_role", "actor_name", "summary", "metadata", "ip_address", "user_agent", "occurred_at") VALUES ('f1923be2-7fa2-4a11-a635-3b00f6905818', 'quote', '70819ab9-9404-446d-99cb-151064112190', 'created', '12d1d38a-a874-4143-b913-ff9b67d47771', 'admin', 'contact@myjantes.com', 'Devis créé par l''administrateur', '{"clientId":"325ad964-d436-42b4-9db6-dc6de6f6435e","servicesCount":5}'::jsonb, '34.26.99.240', 'Mozilla/5.0 (iPhone; CPU iPhone OS 18_6_2 like Mac OS X) AppleWebKit/605.1.15 (KHTML, like Gecko) Version/18.6 Mobile/15E148 Safari/604.1', '2026-01-13T12:03:10.898Z');
INSERT INTO "audit_logs" ("id", "entity_type", "entity_id", "action", "actor_id", "actor_role", "actor_name", "summary", "metadata", "ip_address", "user_agent", "occurred_at") VALUES ('0779bce3-6b41-461e-89b7-569978d30e63', 'quote', '70819ab9-9404-446d-99cb-151064112190', 'validated', '12d1d38a-a874-4143-b913-ff9b67d47771', 'admin', 'contact@myjantes.com', 'Devis validé', NULL, '34.75.72.217', 'Mozilla/5.0 (iPhone; CPU iPhone OS 18_6_2 like Mac OS X) AppleWebKit/605.1.15 (KHTML, like Gecko) Version/18.6 Mobile/15E148 Safari/604.1', '2026-01-13T12:03:18.716Z');
INSERT INTO "audit_logs" ("id", "entity_type", "entity_id", "action", "actor_id", "actor_role", "actor_name", "summary", "metadata", "ip_address", "user_agent", "occurred_at") VALUES ('4185c0b0-2d55-43b3-b204-fd9633297a0b', 'quote', '70819ab9-9404-446d-99cb-151064112190', 'updated', '12d1d38a-a874-4143-b913-ff9b67d47771', 'admin', 'contact@myjantes.com', 'Devis envoyé par email à fab.cotza@hotmail.com (CC: contact@myjantes.com)', '{"cc":["contact@myjantes.com"],"emailTo":"fab.cotza@hotmail.com","messageId":"b69a1690-2bf6-4f95-82f7-4070a6d0b03c"}'::jsonb, '35.231.177.91', 'Mozilla/5.0 (iPhone; CPU iPhone OS 18_6_2 like Mac OS X) AppleWebKit/605.1.15 (KHTML, like Gecko) Version/18.6 Mobile/15E148 Safari/604.1', '2026-01-13T12:03:58.340Z');
INSERT INTO "audit_logs" ("id", "entity_type", "entity_id", "action", "actor_id", "actor_role", "actor_name", "summary", "metadata", "ip_address", "user_agent", "occurred_at") VALUES ('e4560a28-d85f-48da-a80e-1278a9de4f39', 'quote', '03e398f9-4120-4787-8fce-d1fadcb9396f', 'created', '311990cb-9c44-4631-a4b2-a2c6377a7861', 'admin', 'g.varlet@myjantes.com', 'Devis créé par l''administrateur', '{"clientId":"7a7e3a20-dcba-4fcb-9f8d-64dfa13dc0b2","servicesCount":1}'::jsonb, '34.26.99.240', 'Mozilla/5.0 (Windows NT 10.0; Win64; x64) AppleWebKit/537.36 (KHTML, like Gecko) Chrome/143.0.0.0 Safari/537.36', '2026-01-13T12:46:51.992Z');
INSERT INTO "audit_logs" ("id", "entity_type", "entity_id", "action", "actor_id", "actor_role", "actor_name", "summary", "metadata", "ip_address", "user_agent", "occurred_at") VALUES ('6236cd79-32fd-4e94-827e-52f2da2771e9', 'quote', '03e398f9-4120-4787-8fce-d1fadcb9396f', 'validated', '311990cb-9c44-4631-a4b2-a2c6377a7861', 'admin', 'g.varlet@myjantes.com', 'Devis validé', NULL, '34.26.99.240', 'Mozilla/5.0 (Windows NT 10.0; Win64; x64) AppleWebKit/537.36 (KHTML, like Gecko) Chrome/143.0.0.0 Safari/537.36', '2026-01-13T12:46:59.708Z');
INSERT INTO "audit_logs" ("id", "entity_type", "entity_id", "action", "actor_id", "actor_role", "actor_name", "summary", "metadata", "ip_address", "user_agent", "occurred_at") VALUES ('8eef60d2-f3c8-4725-9b86-6b6dba27bae9', 'quote', '55525a54-81b8-4500-a98d-9b9a6d97092c', 'created', '311990cb-9c44-4631-a4b2-a2c6377a7861', 'admin', 'g.varlet@myjantes.com', 'Devis créé par l''administrateur', '{"clientId":"5f463e61-082f-4612-9d1d-9928496e8abf","servicesCount":1}'::jsonb, '34.23.182.216', 'Mozilla/5.0 (Windows NT 10.0; Win64; x64) AppleWebKit/537.36 (KHTML, like Gecko) Chrome/143.0.0.0 Safari/537.36', '2026-01-13T13:50:31.142Z');
INSERT INTO "audit_logs" ("id", "entity_type", "entity_id", "action", "actor_id", "actor_role", "actor_name", "summary", "metadata", "ip_address", "user_agent", "occurred_at") VALUES ('ffb2afff-663e-47ee-b83f-ffb7e349ff87', 'quote', 'f50818a4-ee56-4826-9531-7a1dcd06dbdd', 'created', '12d1d38a-a874-4143-b913-ff9b67d47771', 'admin', 'contact@myjantes.com', 'Devis créé par l''administrateur', '{"clientId":"6ede2a08-1878-4793-b034-f0ee6185db7d","servicesCount":1}'::jsonb, '34.139.219.171', 'Mozilla/5.0 (iPhone; CPU iPhone OS 18_6_2 like Mac OS X) AppleWebKit/605.1.15 (KHTML, like Gecko) Version/18.6 Mobile/15E148 Safari/604.1', '2026-01-13T14:55:54.196Z');
INSERT INTO "audit_logs" ("id", "entity_type", "entity_id", "action", "actor_id", "actor_role", "actor_name", "summary", "metadata", "ip_address", "user_agent", "occurred_at") VALUES ('0d610b56-f21f-419d-807c-4a0b36fc28ba', 'quote', 'f50818a4-ee56-4826-9531-7a1dcd06dbdd', 'validated', '12d1d38a-a874-4143-b913-ff9b67d47771', 'admin', 'contact@myjantes.com', 'Devis validé', NULL, '35.231.177.91', 'Mozilla/5.0 (iPhone; CPU iPhone OS 18_6_2 like Mac OS X) AppleWebKit/605.1.15 (KHTML, like Gecko) Version/18.6 Mobile/15E148 Safari/604.1', '2026-01-13T14:55:59.005Z');
INSERT INTO "audit_logs" ("id", "entity_type", "entity_id", "action", "actor_id", "actor_role", "actor_name", "summary", "metadata", "ip_address", "user_agent", "occurred_at") VALUES ('74a4101d-12c2-45fa-8192-4fdca0c19907', 'quote', '55525a54-81b8-4500-a98d-9b9a6d97092c', 'validated', '7a05001e-9618-4062-8565-f07afcab193e', 'admin', 'admin@myjantes.fr', 'Devis validé', NULL, '34.74.106.240', 'Mozilla/5.0 (Windows NT 10.0; Win64; x64) AppleWebKit/537.36 (KHTML, like Gecko) Chrome/143.0.0.0 Safari/537.36', '2026-01-13T15:09:10.389Z');
INSERT INTO "audit_logs" ("id", "entity_type", "entity_id", "action", "actor_id", "actor_role", "actor_name", "summary", "metadata", "ip_address", "user_agent", "occurred_at") VALUES ('732c52ea-f084-4c3c-942a-90b403d6d571', 'quote', '55525a54-81b8-4500-a98d-9b9a6d97092c', 'updated', '7a05001e-9618-4062-8565-f07afcab193e', 'admin', 'admin@myjantes.fr', 'Devis envoyé par email à SENECHAL.MAG@LIVE.FR', '{"cc":[],"emailTo":"SENECHAL.MAG@LIVE.FR","messageId":"9c01ff5f-50d6-4f40-a177-ca1bfe59ed04"}'::jsonb, '35.185.109.3', 'Mozilla/5.0 (Windows NT 10.0; Win64; x64) AppleWebKit/537.36 (KHTML, like Gecko) Chrome/143.0.0.0 Safari/537.36', '2026-01-13T15:09:35.949Z');
INSERT INTO "audit_logs" ("id", "entity_type", "entity_id", "action", "actor_id", "actor_role", "actor_name", "summary", "metadata", "ip_address", "user_agent", "occurred_at") VALUES ('4d17c6f6-95f4-4a26-88d9-8eeb4e672abb', 'quote', '55525a54-81b8-4500-a98d-9b9a6d97092c', 'updated', '7a05001e-9618-4062-8565-f07afcab193e', 'admin', 'admin@myjantes.fr', 'Devis envoyé par email à SENECHAL.MAG@LIVE.FR (CC: admin@myjantes.fr)', '{"cc":["admin@myjantes.fr"],"emailTo":"SENECHAL.MAG@LIVE.FR","messageId":"302d76f2-704a-4dce-8f50-e10f8cde9e33"}'::jsonb, '35.227.15.160', 'Mozilla/5.0 (Windows NT 10.0; Win64; x64) AppleWebKit/537.36 (KHTML, like Gecko) Chrome/143.0.0.0 Safari/537.36', '2026-01-13T15:10:01.734Z');
INSERT INTO "audit_logs" ("id", "entity_type", "entity_id", "action", "actor_id", "actor_role", "actor_name", "summary", "metadata", "ip_address", "user_agent", "occurred_at") VALUES ('1385783f-a0a5-48cf-af34-502d2346a55c', 'quote', '55525a54-81b8-4500-a98d-9b9a6d97092c', 'updated', '7a05001e-9618-4062-8565-f07afcab193e', 'admin', 'admin@myjantes.fr', 'Devis envoyé par email à SENECHAL.MAG@LIVE.FR (CC: admin@myjantes.fr)', '{"cc":["admin@myjantes.fr"],"emailTo":"SENECHAL.MAG@LIVE.FR","messageId":"6ae61c6c-2923-4486-857c-675d88ac51ef"}'::jsonb, '34.26.99.240', 'Mozilla/5.0 (Windows NT 10.0; Win64; x64) AppleWebKit/537.36 (KHTML, like Gecko) Chrome/143.0.0.0 Safari/537.36', '2026-01-13T15:12:31.823Z');
INSERT INTO "audit_logs" ("id", "entity_type", "entity_id", "action", "actor_id", "actor_role", "actor_name", "summary", "metadata", "ip_address", "user_agent", "occurred_at") VALUES ('45db8345-d175-430c-8aa4-24f1c929d029', 'quote', '55525a54-81b8-4500-a98d-9b9a6d97092c', 'updated', '12d1d38a-a874-4143-b913-ff9b67d47771', 'admin', 'contact@myjantes.com', 'Devis envoyé par email à SENECHAL.MAG@LIVE.FR (CC: contact@myjantes.com)', '{"cc":["contact@myjantes.com"],"emailTo":"SENECHAL.MAG@LIVE.FR","messageId":"e9d076ae-1088-487d-8dbd-a528e7d24c83"}'::jsonb, '35.243.129.130', 'Mozilla/5.0 (Windows NT 10.0; Win64; x64) AppleWebKit/537.36 (KHTML, like Gecko) Chrome/143.0.0.0 Safari/537.36', '2026-01-13T15:17:07.288Z');
INSERT INTO "audit_logs" ("id", "entity_type", "entity_id", "action", "actor_id", "actor_role", "actor_name", "summary", "metadata", "ip_address", "user_agent", "occurred_at") VALUES ('5e63d3ef-f0b9-4345-9fda-d7a180789b23', 'invoice', '0c77d1a0-8a26-491a-992a-2439ad687efd', 'updated', '12d1d38a-a874-4143-b913-ff9b67d47771', 'admin', 'contact@myjantes.com', 'Facture envoyée par email à REDMAN62800@LIVE.FR', '{"emailTo":"REDMAN62800@LIVE.FR","messageId":"5b5cb04c-d12b-412f-adfa-cc9ea9c5ae24"}'::jsonb, '35.227.15.160', 'Mozilla/5.0 (iPhone; CPU iPhone OS 18_6_2 like Mac OS X) AppleWebKit/605.1.15 (KHTML, like Gecko) Version/18.6 Mobile/15E148 Safari/604.1', '2026-01-13T15:36:16.155Z');
INSERT INTO "audit_logs" ("id", "entity_type", "entity_id", "action", "actor_id", "actor_role", "actor_name", "summary", "metadata", "ip_address", "user_agent", "occurred_at") VALUES ('acf47af8-a025-4b64-92d3-4c467cec6fbf', 'invoice', '0c77d1a0-8a26-491a-992a-2439ad687efd', 'updated', '12d1d38a-a874-4143-b913-ff9b67d47771', 'admin', 'contact@myjantes.com', 'Facture mise à jour', NULL, '35.227.15.160', 'Mozilla/5.0 (iPhone; CPU iPhone OS 18_6_2 like Mac OS X) AppleWebKit/605.1.15 (KHTML, like Gecko) Version/18.6 Mobile/15E148 Safari/604.1', '2026-01-13T15:36:20.161Z');
INSERT INTO "audit_logs" ("id", "entity_type", "entity_id", "action", "actor_id", "actor_role", "actor_name", "summary", "metadata", "ip_address", "user_agent", "occurred_at") VALUES ('0e410fde-dbdf-4bfb-b080-5d74834e4bc5', 'invoice', '0c77d1a0-8a26-491a-992a-2439ad687efd', 'paid', '12d1d38a-a874-4143-b913-ff9b67d47771', 'admin', 'contact@myjantes.com', 'Facture marquée comme payée', NULL, '35.196.109.179', 'Mozilla/5.0 (iPhone; CPU iPhone OS 18_6_2 like Mac OS X) AppleWebKit/605.1.15 (KHTML, like Gecko) Version/18.6 Mobile/15E148 Safari/604.1', '2026-01-13T16:11:02.637Z');

-- Table: audit_log_changes (12 rows)
DELETE FROM "audit_log_changes";
INSERT INTO "audit_log_changes" ("id", "audit_log_id", "field", "previous_value", "new_value") VALUES ('65eedd80-51c4-42ca-b206-b7664906fd4b', '5d1bd1ad-b022-4a57-b06e-96b39f396b69', 'basePrice', 109, 119);
INSERT INTO "audit_log_changes" ("id", "audit_log_id", "field", "previous_value", "new_value") VALUES ('c39b2f4f-fdf3-4645-9196-7c85adf0f31e', '562746e7-b541-472a-aad5-a6bc21bc9180', 'quoteAmount', 523.2, 480);
INSERT INTO "audit_log_changes" ("id", "audit_log_id", "field", "previous_value", "new_value") VALUES ('86a1521a-bf90-495e-8115-6c0db665ca35', 'a953b3a8-b657-4181-9947-01257250d300', 'basePrice', 129, 107.5);
INSERT INTO "audit_log_changes" ("id", "audit_log_id", "field", "previous_value", "new_value") VALUES ('bf9ba064-41ce-4aad-8f98-5f5ad597550c', 'a9609bc4-79bb-4b6c-98cc-012ab357a6b9', 'basePrice', 129, 107.5);
INSERT INTO "audit_log_changes" ("id", "audit_log_id", "field", "previous_value", "new_value") VALUES ('57549b8c-6bea-48bd-b564-eeaad788d45c', 'a43145e1-8229-437b-ad65-6395a50dde42', 'basePrice', 139, 115.83);
INSERT INTO "audit_log_changes" ("id", "audit_log_id", "field", "previous_value", "new_value") VALUES ('dc006c30-bf51-493e-ae28-2d34aaf61c63', 'f61deac9-b16e-4f66-b42c-b2354355d7db', 'basePrice', 139, 115.83);
INSERT INTO "audit_log_changes" ("id", "audit_log_id", "field", "previous_value", "new_value") VALUES ('a8fe3873-6d98-4b3f-9ae8-765bcd622960', '83f9c48a-7555-484e-addb-bfa5be3fe1bf', 'basePrice', 119, 99.17);
INSERT INTO "audit_log_changes" ("id", "audit_log_id", "field", "previous_value", "new_value") VALUES ('53b7c786-2e05-4221-b4fc-bc39a4b22b2d', '0f801350-9a3f-4d74-bb47-79dc445e9d73', 'basePrice', 119, 99.17);
INSERT INTO "audit_log_changes" ("id", "audit_log_id", "field", "previous_value", "new_value") VALUES ('9c783895-67dc-4bda-bad2-e95c23848dab', '9569bb92-df33-4445-94e7-18de52bba20f', 'basePrice', 15, 12.5);
INSERT INTO "audit_log_changes" ("id", "audit_log_id", "field", "previous_value", "new_value") VALUES ('412c4348-a12d-4104-9457-1f53768b0356', 'e568028e-6a8b-4272-ac9d-78fc4ee0707c', 'basePrice', 10, 8.33);
INSERT INTO "audit_log_changes" ("id", "audit_log_id", "field", "previous_value", "new_value") VALUES ('a7c589c7-0581-4991-aa77-5d5c05c642d6', '680707b0-7233-41f5-b88c-2ea7c9244744', 'wheelCount', NULL, 1);
INSERT INTO "audit_log_changes" ("id", "audit_log_id", "field", "previous_value", "new_value") VALUES ('8f175a2a-5d75-43f0-9082-578d5a56cef7', '680707b0-7233-41f5-b88c-2ea7c9244744', 'taxRate', NULL, 20);

COMMIT;